"msoa11cd","msoa11hclnm","LTLA_name","Age_12_and_over","Proportion_12_and_over","Age_12_and_over_banded","Proportion_12_and_over_banded","Estimated_left_to_vaccinate_12_and_over","Age_16_and_over","Proportion_16_and_over","Age_16_and_over_banded","Proportion_16_and_over_banded","Estimated_left_to_vaccinate_16_and_over","Age_18_and_over","Proportion_18_and_over","Age_18_and_over_banded","Proportion_18_and_over_banded","Estimated_left_to_vaccinate_18_and_over","Age_50_and_over","Proportion_50_and_over","Age_50_and_over_banded","Proportion_50_and_over_banded","Estimated_left_to_vaccinate_50_and_over","Age_65_and_over","Proportion_65_and_over","Age_65_and_over_banded","Proportion_65_and_over_banded","Estimated_left_to_vaccinate_65_and_over","Age_18_64","Proportion_18_64","Total_Age_18_64_banded","Proportion_18_64_banded","Estimated_left_to_vaccinate_18_64","Pop_weighted_imd_score","National_pop_weighted_rank","National_pop_weighted_decile","Rank_in_Sussex","Decile_in_Sussex","RUC11","Total_doses"
"E02003491","Patcham East","Brighton and Hove",6366,0.865415986949429,"6,000-6,999","80-89%",990,6056,0.878827456102162,"6,000-6,999","80-89%",835,5892,0.88230008984726,"5,000+","85-89%",786,3013,1.83152004973578,"3,000-3,999","100% of estimated population",204,1301,0.945494186046512,"1,000-1,999","90-94%",75,4591,0.86589966050547,"4,000-4,999","85-89%",711,14.38610233,4290,7,110,6,"Urban city and town","24"
"E02003492","Coldean & Moulsecoomb North","Brighton and Hove",9182,0.553265847192094,"7,000+","50-59%",7414,9033,0.554443898846059,"7,000+","50-59%",7259,8903,0.554324139219227,"5,000+","Less than 70%",7158,1695,4.71557203389831,"1,000-1,999","100% of estimated population",193,716,0.948344370860927,"Up to 999","90-94%",39,8187,0.534888279106233,"5,000+","Less than 70%",7119,25.14541034,2202,4,38,2,"Urban city and town","13"
"E02003493","Patcham West & Westdene","Brighton and Hove",6643,0.873963952111564,"6,000-6,999","80-89%",958,6366,0.886629526462396,"6,000-6,999","80-89%",814,6197,0.889862148190695,"5,000+","85-89%",767,3519,1.66362416107383,"3,000-3,999","100% of estimated population",206,1815,0.962354188759279,"1,000-1,999","95-99%",71,4382,0.862938164631745,"4,000-4,999","85-89%",696,7.692150211,6130,10,179,9,"Urban city and town","26"
"E02003494","Hollingbury","Brighton and Hove",5461,0.865314530185391,"5,000-5,999","80-89%",850,5145,0.874256584536958,"5,000-5,999","80-89%",740,4968,0.875727128503437,"4,000-4,999","85-89%",705,2676,1.72980501392758,"2,000-2,999","100% of estimated population",196,1179,0.96481178396072,"1,000-1,999","95-99%",43,3789,0.85126937766794,"3,000-3,999","85-89%",662,9.321644729,5734,9,164,9,"Urban city and town","22"
"E02003495","Mile Oak","Brighton and Hove",5717,0.877513430544896,"5,000-5,999","80-89%",798,5471,0.891332681655262,"5,000-5,999","80-89%",667,5348,0.893716577540107,"5,000+","85-89%",636,2681,1.90252579153326,"2,000-2,999","100% of estimated population",130,1207,0.978119935170178,"1,000-1,999","95-99%",27,4141,0.871789473684211,"4,000-4,999","85-89%",609,19.41069403,3155,5,62,4,"Urban city and town","10"
"E02003496","Hangleton North","Brighton and Hove",5918,0.84785100286533,"5,000-5,999","80-89%",1062,5657,0.862479036438481,"5,000-5,999","80-89%",902,5494,0.864788288997324,"5,000+","85-89%",859,2871,1.78318727685816,"2,000-2,999","100% of estimated population",210,1427,0.958361316319678,"1,000-1,999","95-99%",62,4067,0.836143092105263,"4,000-4,999","80-84%",797,23.83106183,2391,4,43,3,"Urban city and town","15"
"E02003497","West Blatchington","Brighton and Hove",6401,0.869110658520027,"6,000-6,999","80-89%",964,6047,0.878158582631426,"6,000-6,999","80-89%",839,5867,0.880270067516879,"5,000+","85-89%",798,3230,1.69321789321789,"3,000-3,999","100% of estimated population",235,1480,0.945686900958466,"1,000-1,999","90-94%",85,4387,0.860196078431373,"4,000-4,999","85-89%",713,5.459012081,6576,10,194,10,"Urban city and town","27"
"E02003498","Hollingdean & Moulsecoomb West","Brighton and Hove",6163,0.737112785551967,"6,000-6,999","70-79%",2198,5930,0.745724346076459,"5,000-5,999","70-79%",2022,5801,0.747070186735351,"5,000+","70-74%",1964,2296,2.24063344920819,"2,000-2,999","100% of estimated population",293,939,0.924212598425197,"Up to 999","90-94%",77,4862,0.720403022670025,"4,000-4,999","70-74%",1887,37.86224672,855,2,8,1,"Urban city and town","13"
"E02003499","Bevendean & Moulsecoomb East","Brighton and Hove",5812,0.75051652892562,"5,000-5,999","70-79%",1932,5624,0.763197177364636,"5,000-5,999","70-79%",1745,5496,0.768026830631638,"5,000+","75-79%",1660,2191,2.28334025758205,"2,000-2,999","100% of estimated population",216,931,0.932865731462926,"Up to 999","90-94%",67,4565,0.741312114322832,"4,000-4,999","70-74%",1593,39.36191858,758,2,7,1,"Urban city and town","11"
"E02003500","Fiveways","Brighton and Hove",6663,0.831939068547884,"6,000-6,999","80-89%",1346,6274,0.836198853791817,"6,000-6,999","80-89%",1229,6047,0.836260544876227,"5,000+","80-84%",1184,2692,2.03946037099494,"2,000-2,999","100% of estimated population",273,834,0.917491749174917,"Up to 999","90-94%",75,5213,0.824580828851629,"5,000+","80-84%",1109,7.101027279,6263,10,183,10,"Urban city and town","36"
"E02003501","Withdean Woods","Brighton and Hove",6805,0.839294523926986,"6,000-6,999","80-89%",1303,6428,0.845455741154807,"6,000-6,999","80-89%",1175,6257,0.845883466270109,"5,000+","80-84%",1140,2934,1.93355995055624,"2,000-2,999","100% of estimated population",302,1207,0.937839937839938,"1,000-1,999","90-94%",80,5050,0.826513911620295,"5,000+","80-84%",1060,9.208614717,5761,9,166,9,"Urban city and town","21"
"E02003502","Portslade Village","Brighton and Hove",6052,0.850358297035268,"6,000-6,999","80-89%",1065,5803,0.864313375037236,"5,000-5,999","80-89%",911,5663,0.86842508817666,"5,000+","85-89%",858,2713,1.92553553213193,"2,000-2,999","100% of estimated population",228,1130,0.944026733500418,"1,000-1,999","90-94%",67,4533,0.851427498121713,"4,000-4,999","85-89%",791,27.4628601,1875,3,27,2,"Urban city and town","14"
"E02003503","Hangleton South","Brighton and Hove",7167,0.842779868297272,"7,000+","80-89%",1337,6825,0.857843137254902,"6,000-6,999","80-89%",1131,6630,0.859587709062621,"5,000+","85-89%",1083,3289,1.86340640809444,"3,000-3,999","100% of estimated population",269,1440,0.946123521681997,"1,000-1,999","90-94%",82,5190,0.838313681150057,"5,000+","80-84%",1001,22.44756438,2598,4,51,3,"Urban city and town","14"
"E02003504","Preston Park","Brighton and Hove",7062,0.780331491712707,"7,000+","70-79%",1988,6832,0.78483630097645,"6,000-6,999","70-79%",1873,6686,0.784926038976286,"5,000+","75-79%",1832,2516,2.29917469050894,"2,000-2,999","100% of estimated population",392,982,0.926415094339623,"Up to 999","90-94%",78,5704,0.764816304639313,"5,000+","75-79%",1754,15.10888455,4089,7,101,6,"Urban city and town","32"
"E02003505","Round Hill","Brighton and Hove",6472,0.719991100233619,"6,000-6,999","70-79%",2517,6339,0.721078375611421,"6,000-6,999","70-79%",2452,6268,0.721454880294659,"5,000+","70-74%",2420,1605,3.19307182883342,"1,000-1,999","100% of estimated population",358,508,0.859560067681895,"Up to 999","85-89%",83,5760,0.711374583178955,"5,000+","70-74%",2337,14.70578603,4206,7,103,6,"Urban city and town","*"
"E02003506","Aldrington","Brighton and Hove",5514,0.829547164134196,"5,000-5,999","80-89%",1133,5254,0.836890729531698,"5,000-5,999","80-89%",1024,5105,0.837297031326882,"5,000+","80-84%",992,1952,2.34174311926605,"1,000-1,999","100% of estimated population",228,655,0.902203856749311,"Up to 999","90-94%",71,4450,0.828523552411097,"4,000-4,999","80-84%",921,14.55469502,4250,7,106,6,"Urban city and town","17"
"E02003507","Woodingdean","Brighton and Hove",7863,0.869416187527643,"7,000+","80-89%",1181,7534,0.882304719522192,"7,000+","80-89%",1005,7361,0.886333534015653,"5,000+","85-89%",944,4100,1.68714187485675,"4,000-4,999","100% of estimated population",263,2042,0.954651706404862,"2,000-2,999","95-99%",97,5319,0.862633798248459,"5,000+","85-89%",847,18.25574375,3386,5,68,4,"Urban city and town","23"
"E02003508","Elm Grove & Bear Road","Brighton and Hove",6576,0.771649847453649,"6,000-6,999","70-79%",1946,6377,0.775602043298467,"6,000-6,999","70-79%",1845,6261,0.775356037151703,"5,000+","75-79%",1814,1960,2.85499316005472,"1,000-1,999","100% of estimated population",233,673,0.909459459459459,"Up to 999","90-94%",67,5588,0.761826857532379,"5,000+","75-79%",1747,12.41593367,4840,8,134,7,"Urban city and town","15"
"E02003509","Goldsmid West","Brighton and Hove",7130,0.767574550543654,"7,000+","70-79%",2159,6956,0.773576512455516,"6,000-6,999","70-79%",2036,6872,0.775008458328634,"5,000+","75-79%",1995,2466,2.33107191316147,"2,000-2,999","100% of estimated population",482,1025,0.879828326180258,"1,000-1,999","85-89%",140,5847,0.759153466632044,"5,000+","75-79%",1855,19.90284461,3050,5,59,3,"Urban city and town","12"
"E02003510","Goldsmid East","Brighton and Hove",7419,0.773941164197788,"7,000+","70-79%",2167,7181,0.777922218611201,"7,000+","70-79%",2050,7046,0.778907804554499,"5,000+","75-79%",2000,2882,2.1293442127531,"2,000-2,999","100% of estimated population",427,1255,0.900286944045911,"1,000-1,999","90-94%",139,5791,0.756795608991113,"5,000+","75-79%",1861,13.2730839,4588,7,121,7,"Urban city and town","17"
"E02003511","Portslade by Sea","Brighton and Hove",6711,0.821520381931693,"6,000-6,999","80-89%",1458,6388,0.832095870782858,"6,000-6,999","80-89%",1289,6204,0.83297529538131,"5,000+","80-84%",1244,2884,1.92670807453416,"2,000-2,999","100% of estimated population",336,1114,0.920661157024793,"1,000-1,999","90-94%",96,5090,0.815966655979481,"5,000+","80-84%",1148,16.53615618,3730,6,82,5,"Urban city and town","20"
"E02003512","Hanover","Brighton and Hove",6731,0.760135516657256,"6,000-6,999","70-79%",2124,6542,0.762293171754836,"6,000-6,999","70-79%",2040,6443,0.763027001421127,"5,000+","75-79%",2001,1953,2.82587719298246,"1,000-1,999","100% of estimated population",327,611,0.880403458213256,"Up to 999","85-89%",83,5832,0.752516129032258,"5,000+","75-79%",1918,16.14253068,3838,6,89,5,"Urban city and town","9"
"E02003513","Aldrington South","Brighton and Hove",5208,0.835955056179775,"5,000-5,999","80-89%",1022,4958,0.844633730834753,"4,000-4,999","80-89%",912,4811,0.84507289653961,"4,000-4,999","80-84%",882,2696,1.62588712402839,"2,000-2,999","100% of estimated population",263,1206,0.925556408288565,"1,000-1,999","90-94%",97,3605,0.821184510250569,"3,000-3,999","80-84%",785,17.63500567,3510,6,74,4,"Urban city and town","24"
"E02003514","Seven Dials","Brighton and Hove",7007,0.726038752460885,"7,000+","70-79%",2644,6880,0.727734292363021,"6,000-6,999","70-79%",2574,6801,0.728080505299219,"5,000+","70-74%",2540,1980,2.82668329177057,"1,000-1,999","100% of estimated population",426,700,0.873907615480649,"Up to 999","85-89%",101,6101,0.71440281030445,"5,000+","70-74%",2439,16.31968017,3793,6,88,5,"Urban city and town","8"
"E02003515","Whitehawk","Brighton and Hove",6804,0.77326968973747,"6,000-6,999","70-79%",1995,6492,0.791997072099549,"6,000-6,999","70-79%",1705,6322,0.797326270652037,"5,000+","75-79%",1607,2715,2.0727868852459,"2,000-2,999","100% of estimated population",335,1061,0.917026793431288,"1,000-1,999","90-94%",96,5261,0.776875369167159,"5,000+","75-79%",1511,59.08174852,92,1,1,1,"Urban city and town","20"
"E02003516","Hove Central","Brighton and Hove",6820,0.719712959054453,"6,000-6,999","70-79%",2656,6725,0.726241900647948,"6,000-6,999","70-79%",2535,6679,0.731704645048203,"5,000+","70-74%",2449,2301,2.39820466786355,"2,000-2,999","100% of estimated population",484,882,0.894523326572008,"Up to 999","85-89%",104,5797,0.71198722672562,"5,000+","70-74%",2345,17.98572598,3445,6,70,4,"Urban city and town","*"
"E02003517","North Laine & the Lanes","Brighton and Hove",8905,0.609138791983036,"7,000+","60-69%",5714,8771,0.611176921468887,"7,000+","60-69%",5580,8613,0.61438048362936,"5,000+","Less than 70%",5406,2390,2.90881458966565,"2,000-2,999","100% of estimated population",571,848,0.849699398797595,"Up to 999","80-84%",150,7765,0.596344366792105,"5,000+","Less than 70%",5256,29.98094961,1538,3,20,1,"Urban city and town","8"
"E02003518","King Alfred","Brighton and Hove",6279,0.759617711105734,"6,000-6,999","70-79%",1987,6129,0.763357827873957,"6,000-6,999","70-79%",1900,6059,0.778191625995376,"5,000+","75-79%",1727,2827,1.82390126429862,"2,000-2,999","100% of estimated population",495,1359,0.904793608521971,"1,000-1,999","90-94%",143,4700,0.747931253978358,"4,000-4,999","70-74%",1584,18.80553352,3292,5,65,4,"Urban city and town","11"
"E02003519","Brunswick","Brighton and Hove",6868,0.643372365339578,"6,000-6,999","60-69%",3807,6799,0.645985748218527,"6,000-6,999","60-69%",3726,6745,0.646506278155852,"5,000+","Less than 70%",3688,2008,2.54624386560966,"2,000-2,999","100% of estimated population",641,647,0.783292978208232,"Up to 999","75-79%",179,6098,0.634745498074321,"5,000+","Less than 70%",3509,22.09003843,2648,4,52,3,"Urban city and town","9"
"E02003520","St James's Street & Queen's Park","Brighton and Hove",7373,0.673456339057362,"7,000+","60-69%",3575,7229,0.675923328658252,"7,000+","60-69%",3466,7160,0.677196632932942,"5,000+","Less than 70%",3413,2496,2.3391048676903,"2,000-2,999","100% of estimated population",565,928,0.865671641791045,"Up to 999","85-89%",144,6232,0.655930954636354,"5,000+","Less than 70%",3269,39.92108493,714,2,6,1,"Urban city and town","*"
"E02003521","Kemptown","Brighton and Hove",6571,0.758951258951259,"6,000-6,999","70-79%",2087,6286,0.763327261687917,"6,000-6,999","70-79%",1949,6103,0.765842640230895,"5,000+","75-79%",1866,2820,1.88247995064775,"2,000-2,999","100% of estimated population",422,1255,0.911401597676108,"1,000-1,999","90-94%",122,4848,0.735436893203884,"4,000-4,999","70-74%",1744,31.19783192,1415,3,16,1,"Urban city and town","29"
"E02003522","Roedean & Marina","Brighton and Hove",5825,0.731967831113345,"5,000-5,999","70-79%",2133,5608,0.750234113712375,"5,000-5,999","70-79%",1867,5486,0.762685944668428,"5,000+","75-79%",1707,2694,1.78348504551365,"2,000-2,999","100% of estimated population",382,1228,0.90962962962963,"1,000-1,999","90-94%",122,4258,0.728735238747219,"4,000-4,999","70-74%",1585,26.12521566,2071,4,34,2,"Urban city and town","9"
"E02003523","Rottingdean & Saltdean","Brighton and Hove",8441,0.866010054375705,"7,000+","80-89%",1306,8182,0.87545473999572,"7,000+","80-89%",1164,8037,0.877305970963869,"5,000+","85-89%",1124,5188,1.43980652096023,"5,000+","100% of estimated population",394,2850,0.953815261044177,"2,000-2,999","95-99%",138,5187,0.840272152924024,"5,000+","80-84%",986,9.602111531,5664,9,160,8,"Urban city and town","27"
"E02004356","Langney West","Eastbourne",5743,0.847050147492625,"5,000-5,999","80-89%",1037,5523,0.865809688038878,"5,000-5,999","80-89%",856,5384,0.872467995462648,"5,000+","85-89%",787,2848,1.7733860342556,"2,000-2,999","100% of estimated population",188,1320,0.957215373459028,"1,000-1,999","95-99%",59,4064,0.848080133555927,"4,000-4,999","80-84%",728,32.01576054,1342,2,14,1,"Urban city and town","29"
"E02004357","Hampden Park North","Eastbourne",5785,0.837920046349942,"5,000-5,999","80-89%",1119,5517,0.856943150046598,"5,000-5,999","80-89%",921,5359,0.862268704746581,"5,000+","85-89%",856,2676,1.87705779334501,"2,000-2,999","100% of estimated population",179,1272,0.959276018099548,"1,000-1,999","95-99%",54,4087,0.835958273675598,"4,000-4,999","80-84%",802,29.45026413,1601,3,21,2,"Urban city and town","19"
"E02004358","Langney East","Eastbourne",6275,0.866114561766736,"6,000-6,999","80-89%",970,6028,0.883870967741936,"6,000-6,999","80-89%",792,5926,0.891530013539943,"5,000+","85-89%",721,3528,1.59386767079075,"3,000-3,999","100% of estimated population",190,2051,0.965176470588235,"2,000-2,999","95-99%",74,3875,0.856921716054843,"3,000-3,999","85-89%",647,28.09367749,1778,3,24,2,"Urban city and town","15"
"E02004359","Hampden Park South","Eastbourne",6378,0.869174161896975,"6,000-6,999","80-89%",960,6163,0.883077804843101,"6,000-6,999","80-89%",816,6044,0.886476972719273,"5,000+","85-89%",774,3751,1.52050314465409,"3,000-3,999","100% of estimated population",224,2086,0.960847535697835,"2,000-2,999","95-99%",85,3958,0.851732300408866,"3,000-3,999","85-89%",689,25.11280982,2207,4,40,2,"Urban city and town","18"
"E02004361","Ratton","Eastbourne",6494,0.871443907675792,"6,000-6,999","80-89%",958,6169,0.887242916726593,"6,000-6,999","80-89%",784,5995,0.888938315539739,"5,000+","85-89%",749,3574,1.57971014492754,"3,000-3,999","100% of estimated population",221,1913,0.9565,"1,000-1,999","95-99%",87,4082,0.860455311973018,"4,000-4,999","85-89%",662,13.18593048,4614,7,123,7,"Urban city and town","25"
"E02004362","Roselands","Eastbourne",6911,0.854898565066799,"6,000-6,999","80-89%",1173,6633,0.867966500915991,"6,000-6,999","80-89%",1009,6457,0.871390013495277,"5,000+","85-89%",953,3266,1.84591194968553,"3,000-3,999","100% of estimated population",232,1500,0.948166877370417,"1,000-1,999","90-94%",82,4957,0.850549073438572,"4,000-4,999","85-89%",871,18.0574292,3428,6,69,4,"Urban city and town","26"
"E02004363","Upperton","Eastbourne",5566,0.847184170471842,"5,000-5,999","80-89%",1004,5387,0.856166560712015,"5,000-5,999","80-89%",905,5281,0.858978529603123,"5,000+","85-89%",867,3097,1.55827677781056,"3,000-3,999","100% of estimated population",292,1778,0.937763713080169,"1,000-1,999","90-94%",118,3503,0.823847601128881,"3,000-3,999","80-84%",749,17.57686782,3517,6,75,4,"Urban city and town","20"
"E02004364","Old Town & Motcombe","Eastbourne",6708,0.879622344610543,"6,000-6,999","80-89%",918,6421,0.888350857775318,"6,000-6,999","80-89%",807,6282,0.891190239750319,"5,000+","85-89%",767,3914,1.51045924501082,"3,000-3,999","100% of estimated population",245,2104,0.951605608322026,"2,000-2,999","95-99%",107,4178,0.863579991732121,"4,000-4,999","85-89%",660,13.77444574,4457,7,116,6,"Urban city and town","23"
"E02004365","Pier","Eastbourne",5997,0.69018298998734,"5,000-5,999","60-69%",2692,5834,0.698515325670498,"5,000-5,999","60-69%",2518,5744,0.70262996941896,"5,000+","70-74%",2431,2269,2.06990990990991,"2,000-2,999","100% of estimated population",506,809,0.868025751072961,"Up to 999","85-89%",123,4935,0.681347507938699,"4,000-4,999","Less than 70%",2308,36.90746509,903,2,9,1,"Urban city and town","13"
"E02004366","King Edward's Parade","Eastbourne",5945,0.772077922077922,"5,000-5,999","70-79%",1755,5745,0.78259092766653,"5,000-5,999","70-79%",1596,5604,0.791525423728814,"5,000+","75-79%",1476,3170,1.58171041490262,"3,000-3,999","100% of estimated population",373,1989,0.932489451476793,"1,000-1,999","90-94%",144,3615,0.730745906610067,"3,000-3,999","70-74%",1332,22.9981631,2504,4,46,3,"Urban city and town","11"
"E02004367","Meads","Eastbourne",5840,0.865313379759964,"5,000-5,999","80-89%",909,5671,0.874479568234387,"5,000-5,999","80-89%",814,5600,0.879811468970935,"5,000+","85-89%",765,4112,1.27941512451451,"4,000-4,999","100% of estimated population",265,2879,0.954575596816976,"2,000-2,999","95-99%",137,2721,0.81248133771275,"2,000-2,999","80-84%",628,10.29555622,5449,9,155,8,"Urban city and town","10"
"E02004368","Ashdown","Hastings",6491,0.86569751933849,"6,000-6,999","80-89%",1007,6209,0.882210855356635,"6,000-6,999","80-89%",829,6076,0.888174243531647,"5,000+","85-89%",765,3341,1.70722112953077,"3,000-3,999","100% of estimated population",218,1538,0.95409429280397,"1,000-1,999","95-99%",74,4538,0.867852361828265,"4,000-4,999","85-89%",691,17.47781385,3539,6,76,4,"Urban city and town","20"
"E02004369","Conquest & St Helens","Hastings",8323,0.898618009069315,"7,000+","80-89%",939,8075,0.911399548532731,"7,000+","90-99%",785,7904,0.91502662653392,"5,000+","90-94%",734,5265,1.43370215853437,"5,000+","100% of estimated population",248,3148,0.971904908922507,"3,000-3,999","95-99%",91,4756,0.880903871087238,"4,000-4,999","85-89%",643,16.46009357,3760,6,86,5,"Urban city and town","33"
"E02004370","Hollington","Hastings",5943,0.804848320693391,"5,000-5,999","80-89%",1441,5667,0.824171029668412,"5,000-5,999","80-89%",1209,5524,0.831802439391658,"5,000+","80-84%",1117,2698,1.87508486082824,"2,000-2,999","100% of estimated population",248,1224,0.927272727272727,"1,000-1,999","90-94%",96,4300,0.808118774666416,"4,000-4,999","80-84%",1021,49.5955989,304,1,4,1,"Urban city and town","9"
"E02004371","Ore","Hastings",5306,0.837304718320972,"5,000-5,999","80-89%",1031,5096,0.854030501089325,"5,000-5,999","80-89%",871,4973,0.859043012610123,"4,000-4,999","85-89%",816,2578,1.80770628862232,"2,000-2,999","100% of estimated population",173,1269,0.957013574660634,"1,000-1,999","95-99%",57,3704,0.82993502128613,"3,000-3,999","80-84%",759,32.85353346,1246,2,13,1,"Urban city and town","9"
"E02004372","Broomgrove","Hastings",4898,0.766030653737879,"4,000-4,999","70-79%",1496,4674,0.789793849273403,"4,000-4,999","70-79%",1244,4558,0.797550306211724,"4,000-4,999","75-79%",1157,2153,1.91673675357443,"2,000-2,999","100% of estimated population",225,906,0.934984520123839,"Up to 999","90-94%",63,3652,0.769490096923725,"3,000-3,999","75-79%",1094,53.15848665,194,1,3,1,"Urban city and town","10"
"E02004373","Silverhill","Hastings",6583,0.84375801076647,"6,000-6,999","80-89%",1219,6324,0.86029111685485,"6,000-6,999","80-89%",1027,6182,0.863890441587479,"5,000+","85-89%",974,3424,1.68538713195202,"3,000-3,999","100% of estimated population",244,1670,0.955377574370709,"1,000-1,999","95-99%",78,4512,0.834319526627219,"4,000-4,999","80-84%",896,26.70292432,1979,3,31,2,"Urban city and town","22"
"E02004374","Old Hastings","Hastings",5654,0.831226109967657,"5,000-5,999","80-89%",1148,5468,0.844348363187153,"5,000-5,999","80-89%",1008,5351,0.850580193927833,"5,000+","85-89%",940,3173,1.54385458742066,"3,000-3,999","100% of estimated population",293,1438,0.944189100459619,"1,000-1,999","90-94%",85,3913,0.820679530201342,"3,000-3,999","80-84%",855,27.10472568,1924,3,28,2,"Urban city and town","15"
"E02004375","Braybrooke & Bohemia","Hastings",6151,0.794805530430288,"6,000-6,999","70-79%",1588,5952,0.807160292921074,"5,000-5,999","80-89%",1422,5814,0.812351543942993,"5,000+","80-84%",1343,3274,1.57220118983234,"3,000-3,999","100% of estimated population",424,1498,0.916207951070336,"1,000-1,999","90-94%",137,4316,0.781600869250272,"4,000-4,999","75-79%",1206,34.0877879,1114,2,12,1,"Urban city and town","18"
"E02004376","Central Hastings","Hastings",4879,0.731703659268146,"4,000-4,999","70-79%",1789,4745,0.742682735952418,"4,000-4,999","70-79%",1644,4665,0.747835844822058,"4,000-4,999","70-74%",1573,2280,1.70879120879121,"2,000-2,999","100% of estimated population",450,956,0.888475836431227,"Up to 999","85-89%",120,3709,0.718519953506393,"3,000-3,999","70-74%",1453,46.48707227,437,1,5,1,"Urban city and town","*"
"E02004377","West St Leonards","Hastings",8346,0.84251968503937,"7,000+","80-89%",1560,8064,0.858877409734796,"7,000+","80-89%",1325,7903,0.863055585890576,"5,000+","85-89%",1254,4647,1.57461645746165,"4,000-4,999","100% of estimated population",372,2411,0.942533229085223,"2,000-2,999","90-94%",147,5492,0.832247310198515,"5,000+","80-84%",1107,28.22766181,1761,3,23,2,"Urban city and town","21"
"E02004378","Central St Leonards","Hastings",5793,0.71891288160834,"5,000-5,999","70-79%",2265,5691,0.73130300693909,"5,000-5,999","70-79%",2091,5622,0.733750978856695,"5,000+","70-74%",2040,2927,1.59353741496599,"2,000-2,999","100% of estimated population",601,1309,0.885656292286874,"1,000-1,999","85-89%",169,4313,0.697445019404916,"4,000-4,999","Less than 70%",1871,54.31757724,171,1,2,1,"Urban city and town","*"
"E02004379","Chailey, Newick & Barcombe","Lewes",6314,0.903807615230461,"6,000-6,999","90-99%",672,6012,0.914511712808032,"6,000-6,999","90-99%",562,5824,0.915723270440252,"5,000+","90-94%",536,3535,1.58217875577289,"3,000-3,999","100% of estimated population",146,1802,0.980413492927095,"1,000-1,999","95-99%",36,4022,0.889429455992923,"4,000-4,999","85-89%",500,12.72492542,4759,8,128,7,"Rural village and dispersed","36"
"E02004380","Wivelsfield Green, Ditchling & Rodmell","Lewes",7843,0.903571428571429,"7,000+","90-99%",837,7533,0.913977190002427,"7,000+","90-99%",709,7333,0.915366371239546,"5,000+","90-94%",678,4653,1.50297192047551,"4,000-4,999","100% of estimated population",226,2536,0.969789674952199,"2,000-2,999","95-99%",79,4797,0.888991845811712,"4,000-4,999","85-89%",599,9.341777515,5727,9,163,9,"Rural village and dispersed","23"
"E02004381","Lewes Central & East","Lewes",7728,0.862596271905347,"7,000+","80-89%",1231,7399,0.877178423236515,"7,000+","80-89%",1036,7222,0.881161542215715,"5,000+","85-89%",974,4072,1.64885844748858,"4,000-4,999","100% of estimated population",308,1953,0.95221843003413,"1,000-1,999","95-99%",98,5269,0.857445077298617,"5,000+","85-89%",876,15.82383036,3924,6,93,5,"Urban city and town","26"
"E02004382","Ringmer, Glynde & South Heighton","Lewes",5580,0.90702210663199,"5,000-5,999","90-99%",572,5327,0.917341140003444,"5,000-5,999","90-99%",480,5208,0.920141342756184,"5,000+","90-94%",452,3233,1.5417406749556,"3,000-3,999","100% of estimated population",145,1896,0.976816074188563,"1,000-1,999","95-99%",45,3312,0.89056197902662,"3,000-3,999","85-89%",407,15.68854115,3947,6,94,5,"Rural town and fringe","11"
"E02004383","Lewes West","Lewes",6281,0.832251225652577,"6,000-6,999","80-89%",1266,5956,0.83887323943662,"5,000-5,999","80-89%",1144,5780,0.840849578120454,"5,000+","80-84%",1094,3313,1.62679425837321,"3,000-3,999","100% of estimated population",240,1559,0.958794587945879,"1,000-1,999","95-99%",67,4221,0.804306402439024,"4,000-4,999","80-84%",1027,9.303542577,5737,9,165,9,"Urban city and town","25"
"E02004384","East Saltdean & Telscombe Cliffs","Lewes",5876,0.88122375524895,"5,000-5,999","80-89%",792,5647,0.887893081761006,"5,000-5,999","80-89%",713,5526,0.889998389434692,"5,000+","85-89%",683,3281,1.57840616966581,"3,000-3,999","100% of estimated population",220,1708,0.957936062815479,"1,000-1,999","95-99%",75,3818,0.862629914143696,"3,000-3,999","85-89%",608,12.02399106,4941,8,138,7,"Urban city and town","18"
"E02004385","Peacehaven West","Lewes",6332,0.888452364248632,"6,000-6,999","80-89%",795,6102,0.896035242290749,"6,000-6,999","80-89%",708,5975,0.899172310007524,"5,000+","85-89%",670,3532,1.60316608532332,"3,000-3,999","100% of estimated population",195,1974,0.959183673469388,"1,000-1,999","95-99%",84,4001,0.872247656420318,"4,000-4,999","85-89%",586,18.48031994,3355,5,67,4,"Urban city and town","11"
"E02004386","Newhaven Town","Lewes",5131,0.855166666666667,"5,000-5,999","80-89%",869,4951,0.867683140553803,"4,000-4,999","80-89%",755,4845,0.872501350621286,"4,000-4,999","85-89%",708,2801,1.60483603842332,"2,000-2,999","100% of estimated population",218,1518,0.950532247964934,"1,000-1,999","95-99%",79,3327,0.841001011122346,"3,000-3,999","80-84%",629,22.69190565,2557,4,47,3,"Urban city and town","11"
"E02004387","Newhaven West","Lewes",4385,0.804882525697504,"4,000-4,999","80-89%",1063,4159,0.821125370187562,"4,000-4,999","80-89%",906,4031,0.824672667757774,"4,000-4,999","80-84%",857,1871,1.94828419526341,"1,000-1,999","100% of estimated population",198,815,0.929304446978335,"Up to 999","90-94%",62,3216,0.801795063575168,"3,000-3,999","80-84%",795,31.06696218,1429,3,17,1,"Urban city and town","13"
"E02004388","Peacehaven East","Lewes",6237,0.866129704207749,"6,000-6,999","80-89%",964,5995,0.87710314557425,"5,000-5,999","80-89%",840,5881,0.8814448441247,"5,000+","85-89%",791,3236,1.69140063272936,"3,000-3,999","100% of estimated population",241,1748,0.956236323851203,"1,000-1,999","95-99%",80,4133,0.853220478943022,"4,000-4,999","85-89%",711,23.80835325,2394,4,44,3,"Urban city and town","18"
"E02004389","East Blatchington","Lewes",8081,0.922910004568296,"7,000+","90-99%",675,7850,0.928554530399811,"7,000+","90-99%",604,7727,0.930739580823898,"5,000+","90-94%",575,5510,1.34452757960675,"5,000+","100% of estimated population",237,3475,0.968776136046836,"3,000-3,999","95-99%",112,4252,0.901802757158006,"4,000-4,999","90-94%",463,9.770581893,5600,9,157,8,"Urban city and town","19"
"E02004390","Seaford Eastbourne Road","Lewes",6796,0.910869856587589,"6,000-6,999","90-99%",665,6531,0.921676545300593,"6,000-6,999","90-99%",555,6376,0.9236563812835,"5,000+","90-94%",527,4224,1.45338500113973,"4,000-4,999","100% of estimated population",163,2629,0.979508196721312,"2,000-2,999","95-99%",55,3747,0.888125148139369,"3,000-3,999","85-89%",472,13.94389213,4401,7,114,6,"Urban city and town","25"
"E02004391","Seaford Town","Lewes",5287,0.887080536912752,"5,000-5,999","80-89%",673,5143,0.895213228894691,"5,000-5,999","80-89%",602,5055,0.896435538215996,"5,000+","85-89%",584,3273,1.44842406876791,"3,000-3,999","100% of estimated population",217,1957,0.958374142997062,"1,000-1,999","95-99%",85,3098,0.861273283291632,"3,000-3,999","85-89%",499,17.94556232,3449,6,71,4,"Urban city and town","10"
"E02004392","Robertsbridge, Hurst Green & Ticehurst","Rother",7628,0.900271450489791,"7,000+","90-99%",845,7285,0.909942543092681,"7,000+","90-99%",721,7112,0.912496792404414,"5,000+","90-94%",682,4351,1.5579408543264,"4,000-4,999","100% of estimated population",214,2235,0.968370883882149,"2,000-2,999","95-99%",73,4877,0.888990156762669,"4,000-4,999","85-89%",609,13.19146627,4612,7,122,7,"Rural village and dispersed","23"
"E02004393","Northiam, Peasmarsh & Camber","Rother",5596,0.898522800256904,"5,000-5,999","80-89%",632,5432,0.909578030810449,"5,000-5,999","90-99%",540,5327,0.911533196440794,"5,000+","90-94%",517,3776,1.34520202020202,"3,000-3,999","100% of estimated population",184,2160,0.966442953020134,"2,000-2,999","95-99%",75,3167,0.877528401219174,"3,000-3,999","85-89%",442,22.64428485,2568,4,48,3,"Rural village and dispersed","16"
"E02004394","Burwash, Sedlescombe & Staplecross","Rother",6722,0.897343478841276,"6,000-6,999","80-89%",769,6477,0.906508047585724,"6,000-6,999","90-99%",668,6348,0.909977064220184,"5,000+","90-94%",628,4274,1.40816326530612,"4,000-4,999","100% of estimated population",234,2246,0.962296486718081,"2,000-2,999","95-99%",88,4102,0.88367083153813,"4,000-4,999","85-89%",540,16.53270869,3731,6,83,5,"Rural village and dispersed","10"
"E02004395","Rye & Winchelsea","Rother",6278,0.877305757406372,"6,000-6,999","80-89%",878,6107,0.890752625437573,"6,000-6,999","80-89%",749,6005,0.893734186634916,"5,000+","85-89%",714,4035,1.40566479400749,"4,000-4,999","100% of estimated population",237,2311,0.959319219593192,"2,000-2,999","95-99%",98,3694,0.85707656612529,"3,000-3,999","85-89%",616,25.12570334,2204,4,39,2,"Rural town and fringe","21"
"E02004396","Westfield, Fairlight & Broad Oak","Rother",8092,0.889230769230769,"7,000+","80-89%",1008,7838,0.90539447845674,"7,000+","90-99%",819,7677,0.913711021185432,"5,000+","90-94%",725,5489,1.33443420823918,"5,000+","100% of estimated population",264,3275,0.969508584961516,"3,000-3,999","95-99%",103,4402,0.876194267515924,"4,000-4,999","85-89%",622,16.43235084,3764,6,87,5,"Rural village and dispersed","23"
"E02004397","Battle & Catsfield","Rother",7008,0.884513441878076,"7,000+","80-89%",915,6652,0.899648363538004,"6,000-6,999","80-89%",742,6481,0.908211883408072,"5,000+","90-94%",655,4039,1.54677804295943,"4,000-4,999","100% of estimated population",151,2185,0.977191413237925,"2,000-2,999","95-99%",51,4296,0.876734693877551,"4,000-4,999","85-89%",604,15.38500096,4019,6,98,5,"Rural town and fringe","22"
"E02004398","Bexhill North & Sidley","Rother",6923,0.818515015370064,"6,000-6,999","80-89%",1535,6644,0.842933265668612,"6,000-6,999","80-89%",1238,6485,0.848488813293209,"5,000+","80-84%",1158,3450,1.74140708915145,"3,000-3,999","100% of estimated population",274,1746,0.94531672983216,"1,000-1,999","90-94%",101,4739,0.817632850241546,"4,000-4,999","80-84%",1057,35.64640724,992,2,10,1,"Urban city and town","23"
"E02004399","Bexhill East & Pebsham","Rother",6673,0.886895268474216,"6,000-6,999","80-89%",851,6472,0.896647270712109,"6,000-6,999","80-89%",746,6370,0.899590453325801,"5,000+","85-89%",711,4265,1.41839234023603,"4,000-4,999","100% of estimated population",226,2681,0.966126126126126,"2,000-2,999","95-99%",94,3689,0.85671156525778,"3,000-3,999","85-89%",617,19.90597192,3049,5,58,3,"Urban city and town","17"
"E02004400","Collington, Cooden & Little Common","Rother",9332,0.921224086870681,"7,000+","90-99%",798,9131,0.930784913353721,"7,000+","90-99%",679,9016,0.932850491464046,"5,000+","90-94%",649,6896,1.25956971221011,"5,000+","100% of estimated population",262,4607,0.974820143884892,"4,000-4,999","95-99%",119,4409,0.892690828102855,"4,000-4,999","85-89%",530,11.6372556,5046,8,143,8,"Urban city and town","14"
"E02004401","Kewhurst","Rother",6695,0.920907840440165,"6,000-6,999","90-99%",575,6529,0.928866126049225,"6,000-6,999","90-99%",500,6456,0.931467320732939,"5,000+","90-94%",475,4814,1.28965241709948,"4,000-4,999","100% of estimated population",192,3303,0.973187978786093,"3,000-3,999","95-99%",91,3153,0.891433418150975,"3,000-3,999","85-89%",384,12.66345593,4775,8,131,7,"Urban city and town","16"
"E02004402","Bexhill Central","Rother",7004,0.830349733254298,"7,000+","80-89%",1431,6829,0.839768814559764,"6,000-6,999","80-89%",1303,6749,0.845103931880791,"5,000+","80-84%",1237,4385,1.40049802863665,"4,000-4,999","100% of estimated population",434,2597,0.937545126353791,"2,000-2,999","90-94%",173,4152,0.79601226993865,"4,000-4,999","75-79%",1064,28.78323292,1687,3,22,2,"Urban city and town","11"
"E02004403","Forest Row & Coleman's Hatch","Wealden",4551,0.712987623374589,"4,000-4,999","70-79%",1832,4379,0.736709286675639,"4,000-4,999","70-79%",1565,4285,0.7457361642882,"4,000-4,999","70-74%",1461,2749,1.30759841318279,"2,000-2,999","100% of estimated population",528,1469,0.895185862279098,"1,000-1,999","85-89%",172,2816,0.685992691839221,"2,000-2,999","Less than 70%",1289,11.26372307,5160,8,147,8,"Urban city and town","8"
"E02004404","Frant & Groombridge","Wealden",5336,0.898467755514396,"5,000-5,999","80-89%",603,5100,0.908443177769861,"5,000-5,999","90-99%",514,4970,0.911257792445911,"4,000-4,999","90-94%",484,3056,1.5497349547864,"3,000-3,999","100% of estimated population",151,1487,0.970626631853786,"1,000-1,999","95-99%",45,3483,0.888067312595614,"3,000-3,999","85-89%",439,9.04897684,5805,9,171,9,"Rural village and dispersed","14"
"E02004405","Crowborough North East","Wealden",4924,0.908822443706165,"4,000-4,999","90-99%",494,4664,0.917568365138698,"4,000-4,999","90-99%",419,4530,0.919796954314721,"4,000-4,999","90-94%",395,2725,1.60070671378092,"2,000-2,999","100% of estimated population",105,1566,0.976309226932668,"1,000-1,999","95-99%",38,2964,0.892502258355917,"2,000-2,999","85-89%",357,6.023790952,6478,10,189,10,"Urban city and town","33"
"E02004406","Crowborough Whitehill & Warren","Wealden",6488,0.926460088533486,"6,000-6,999","90-99%",515,6250,0.933671945025396,"6,000-6,999","90-99%",444,6126,0.934981684981685,"5,000+","90-94%",426,4070,1.45441595441595,"4,000-4,999","100% of estimated population",142,2420,0.975413139862959,"2,000-2,999","95-99%",61,3706,0.910341439449767,"3,000-3,999","90-94%",365,6.945594184,6298,10,185,10,"Urban city and town","28"
"E02004407","Mayfield & Wadhurst","Wealden",6741,0.891077329808328,"6,000-6,999","80-89%",824,6407,0.907378558277864,"6,000-6,999","90-99%",654,6232,0.911911033069944,"5,000+","90-94%",602,4050,1.46497414198401,"4,000-4,999","100% of estimated population",204,2153,0.965903992821893,"2,000-2,999","95-99%",76,4079,0.885776330076004,"4,000-4,999","85-89%",526,7.839876158,6101,9,178,9,"Rural village and dispersed","24"
"E02004408","Crowborough South East","Wealden",6730,0.885409814498092,"6,000-6,999","80-89%",871,6456,0.894802494802495,"6,000-6,999","80-89%",759,6334,0.89627847743031,"5,000+","85-89%",733,3354,1.78071408490301,"3,000-3,999","100% of estimated population",203,1527,0.956766917293233,"1,000-1,999","95-99%",69,4807,0.878632791080241,"4,000-4,999","85-89%",664,11.3012668,5153,8,146,8,"Urban city and town","20"
"E02004409","Chelwood & Nutley","Wealden",4480,0.879293424926398,"4,000-4,999","80-89%",615,4316,0.888980432543769,"4,000-4,999","80-89%",539,4226,0.892125818028288,"4,000-4,999","85-89%",511,2790,1.42289562289562,"2,000-2,999","100% of estimated population",180,1468,0.96136214800262,"1,000-1,999","95-99%",59,2758,0.859190031152648,"2,000-2,999","85-89%",452,13.3150038,4577,7,120,6,"Rural village and dispersed","16"
"E02004410","Buxted, Framfield & Rotherfield","Wealden",6748,0.895672949296522,"6,000-6,999","80-89%",786,6471,0.904528934861616,"6,000-6,999","90-99%",683,6318,0.906846562365437,"5,000+","90-94%",649,4198,1.42682926829268,"4,000-4,999","100% of estimated population",230,2188,0.963028169014085,"2,000-2,999","95-99%",84,4130,0.879659211927583,"4,000-4,999","85-89%",565,11.58041798,5061,8,144,8,"Rural village and dispersed","32"
"E02004411","Uckfield Town & North","Wealden",6967,0.903163080114078,"6,000-6,999","90-99%",747,6637,0.909676535087719,"6,000-6,999","90-99%",659,6476,0.911342527441599,"5,000+","90-94%",630,3693,1.67208882003615,"3,000-3,999","100% of estimated population",180,1966,0.971343873517787,"1,000-1,999","95-99%",58,4510,0.887445887445887,"4,000-4,999","85-89%",572,11.76687197,5005,8,139,7,"Urban city and town","34"
"E02004412","Heathfield","Wealden",6485,0.891776677667767,"6,000-6,999","80-89%",787,6242,0.902283897080081,"6,000-6,999","90-99%",676,6094,0.903752039151713,"5,000+","90-94%",649,3733,1.55498851747895,"3,000-3,999","100% of estimated population",186,2014,0.972007722007722,"2,000-2,999","95-99%",58,4080,0.873474630700064,"4,000-4,999","85-89%",591,8.14017136,6024,9,176,9,"Rural town and fringe","25"
"E02004413","Broad Oak & Horam","Wealden",6015,0.892300845571874,"6,000-6,999","80-89%",726,5821,0.905710284736269,"5,000-5,999","90-99%",606,5695,0.908003826530612,"5,000+","90-94%",577,3708,1.45801331285202,"3,000-3,999","100% of estimated population",198,1969,0.964250734573947,"1,000-1,999","95-99%",73,3726,0.880851063829787,"3,000-3,999","85-89%",504,13.92304058,4413,7,115,6,"Rural village and dispersed","15"
"E02004414","Uckfield South","Wealden",5300,0.904591227171872,"5,000-5,999","90-99%",559,5067,0.914290869722122,"5,000-5,999","90-99%",475,4942,0.915863602668643,"4,000-4,999","90-94%",454,2612,1.7899311843535,"2,000-2,999","100% of estimated population",149,1153,0.96163469557965,"1,000-1,999","95-99%",46,3789,0.902787705503931,"3,000-3,999","90-94%",408,7.848275621,6096,9,177,9,"Urban city and town","17"
"E02004415","Five Ash Down, Horsted & Chiddingly","Wealden",5567,0.887029955385596,"5,000-5,999","80-89%",709,5343,0.899494949494949,"5,000-5,999","80-89%",597,5221,0.902194574045274,"5,000+","90-94%",566,3391,1.46082820369334,"3,000-3,999","100% of estimated population",183,1712,0.970521541950113,"1,000-1,999","95-99%",52,3509,0.872234650758141,"3,000-3,999","85-89%",514,13.08525997,4644,7,124,7,"Rural village and dispersed","18"
"E02004416","Herstmonceux & Ninfield","Wealden",5473,0.881320450885668,"5,000-5,999","80-89%",737,5288,0.892640108035111,"5,000-5,999","80-89%",636,5151,0.897230447657203,"5,000+","85-89%",590,3442,1.43282336578581,"3,000-3,999","100% of estimated population",153,1864,0.9718456725756,"1,000-1,999","95-99%",54,3287,0.859795971749935,"3,000-3,999","85-89%",536,15.97856527,3882,6,91,5,"Rural village and dispersed","12"
"E02004417","Hailsham Central & East","Wealden",5269,0.901300034211427,"5,000-5,999","90-99%",577,5086,0.910653536257834,"5,000-5,999","90-99%",499,4999,0.912725944860325,"4,000-4,999","90-94%",478,3038,1.57697160883281,"3,000-3,999","100% of estimated population",132,1790,0.97707423580786,"1,000-1,999","95-99%",42,3209,0.880384087791495,"3,000-3,999","85-89%",436,12.71459394,4765,8,129,7,"Urban city and town","7"
"E02004418","Hailsham South & West","Wealden",4573,0.893338542684118,"4,000-4,999","80-89%",546,4410,0.907407407407407,"4,000-4,999","90-99%",450,4311,0.911416490486258,"4,000-4,999","90-94%",419,2590,1.59785025945145,"2,000-2,999","100% of estimated population",108,1468,0.972829688535454,"1,000-1,999","95-99%",41,2843,0.882645141260478,"2,000-2,999","85-89%",378,17.70386012,3496,6,73,4,"Urban city and town","7"
"E02004419","Hailsham East","Wealden",4711,0.853751359188112,"4,000-4,999","80-89%",807,4531,0.868673312883436,"4,000-4,999","80-89%",685,4409,0.872896456147298,"4,000-4,999","85-89%",642,2506,1.65192956163357,"2,000-2,999","100% of estimated population",163,1355,0.959631728045326,"1,000-1,999","95-99%",57,3054,0.83924154987634,"3,000-3,999","80-84%",585,30.55091729,1485,3,18,1,"Urban city and town","10"
"E02004420","Hailsham North, Alfriston & East Dean","Wealden",10947,0.847684683289453,"7,000+","80-89%",1967,10524,0.86546052631579,"7,000+","80-89%",1636,10243,0.892636165577342,"5,000+","85-89%",1232,6473,1.50565926797001,"5,000+","100% of estimated population",330,3726,0.968546919677671,"3,000-3,999","95-99%",121,6517,0.854352385946513,"5,000+","85-89%",1111,15.41225431,4012,6,96,5,"Rural village and dispersed","31"
"E02004421","Polegate","Wealden",7369,0.893970641756642,"7,000+","80-89%",874,7146,0.907198171892853,"7,000+","90-99%",731,7038,0.912012440067384,"5,000+","90-94%",679,4259,1.57625979843225,"4,000-4,999","100% of estimated population",206,2452,0.961945861122009,"2,000-2,999","95-99%",97,4586,0.887383900928793,"4,000-4,999","85-89%",582,15.38794265,4018,6,97,5,"Urban city and town","14"
"E02004422","Stone Cross, Westham & Pevensey Bay","Wealden",9059,0.896575613618369,"7,000+","80-89%",1045,8740,0.907015359070154,"7,000+","90-99%",896,8557,0.909545068027211,"5,000+","90-94%",851,5227,1.5529945553539,"5,000+","100% of estimated population",283,2868,0.961770623742455,"2,000-2,999","95-99%",114,5689,0.885309679427327,"5,000+","85-89%",737,11.65111623,5045,8,142,8,"Rural town and fringe","29"
"E02004423","Willingdon","Wealden",6480,0.912676056338028,"6,000-6,999","90-99%",620,6311,0.924959695148762,"6,000-6,999","90-99%",512,6217,0.928048962531721,"5,000+","90-94%",482,4251,1.40180383314543,"4,000-4,999","100% of estimated population",184,2522,0.966653890379456,"2,000-2,999","95-99%",87,3695,0.903422982885086,"3,000-3,999","90-94%",395,9.530759497,5680,9,162,9,"Urban city and town","7"
"E02006534","Hillside","Adur",7267,0.891765860841821,"7,000+","80-89%",882,6937,0.900792104921439,"6,000-6,999","90-99%",764,6753,0.902566158781075,"5,000+","90-94%",729,3694,1.74586349534643,"3,000-3,999","100% of estimated population",174,1883,0.971119133574007,"1,000-1,999","95-99%",56,4870,0.878585603463828,"4,000-4,999","85-89%",673,16.51366659,3737,6,84,5,"Urban city and town","30"
"E02006535","Buckingham","Adur",6007,0.908637119951596,"6,000-6,999","90-99%",604,5742,0.918132395267029,"5,000-5,999","90-99%",512,5610,0.918768424500491,"5,000+","90-94%",496,3261,1.64227166276347,"3,000-3,999","100% of estimated population",155,1842,0.974603174603175,"1,000-1,999","95-99%",48,3768,0.893738140417457,"3,000-3,999","85-89%",448,7.031781905,6282,10,184,10,"Urban city and town","31"
"E02006536","North Lancing","Adur",6023,0.891899896342366,"6,000-6,999","80-89%",730,5667,0.908027559685948,"5,000-5,999","90-99%",574,5471,0.918107064943782,"5,000+","90-94%",488,3113,1.67565084226646,"3,000-3,999","100% of estimated population",152,1620,0.964285714285714,"1,000-1,999","95-99%",60,3851,0.899976630053751,"3,000-3,999","85-89%",428,14.08356069,4368,7,113,6,"Urban city and town","38"
"E02006537","Kingston & Southwick","Adur",8072,0.861288945795988,"7,000+","80-89%",1300,7734,0.873997061814894,"7,000+","80-89%",1115,7553,0.877337669880358,"5,000+","85-89%",1056,3882,1.81780986762936,"3,000-3,999","100% of estimated population",273,1933,0.962170233947237,"1,000-1,999","95-99%",76,5620,0.851515151515152,"5,000+","85-89%",980,26.4039013,2028,3,32,2,"Urban city and town","33"
"E02006538","Shoreham Central & Beach","Adur",7379,0.884454033321347,"7,000+","80-89%",964,7074,0.890819795995467,"7,000+","80-89%",867,6949,0.891583269181422,"5,000+","85-89%",845,4022,1.60410895660203,"4,000-4,999","100% of estimated population",310,2144,0.95628902765388,"2,000-2,999","95-99%",98,4805,0.865453890489914,"4,000-4,999","85-89%",747,11.37925329,5132,8,145,8,"Urban city and town","27"
"E02006539","Cokeham & Sompting","Adur",5985,0.903805496828753,"5,000-5,999","90-99%",637,5741,0.911848792884371,"5,000-5,999","90-99%",555,5605,0.913908364585032,"5,000+","90-94%",528,3154,1.69694217378141,"3,000-3,999","100% of estimated population",149,1727,0.96804932735426,"1,000-1,999","95-99%",57,3878,0.891699241204875,"3,000-3,999","85-89%",471,20.38094769,2971,5,56,3,"Urban city and town","32"
"E02006540","Marsh Barn & Widewater","Adur",4718,0.897982489531785,"4,000-4,999","80-89%",536,4564,0.90862034640653,"4,000-4,999","90-99%",459,4476,0.910496338486574,"4,000-4,999","90-94%",440,2669,1.5923159018143,"2,000-2,999","100% of estimated population",142,1463,0.966953073364177,"1,000-1,999","95-99%",50,3013,0.885395239494564,"3,000-3,999","85-89%",390,23.67962135,2410,4,45,3,"Urban city and town","14"
"E02006541","South Lancing","Adur",6281,0.894856817210429,"6,000-6,999","80-89%",738,6098,0.905016325319086,"6,000-6,999","90-99%",640,5979,0.907834801093228,"5,000+","90-94%",607,3550,1.60466988727858,"3,000-3,999","100% of estimated population",176,2034,0.967649857278782,"2,000-2,999","95-99%",68,3945,0.879794826048171,"3,000-3,999","85-89%",539,20.35518848,2979,5,57,3,"Urban city and town","28"
"E02006542","Arundel","Arun",4833,0.883708173340647,"4,000-4,999","80-89%",636,4671,0.890902155254625,"4,000-4,999","80-89%",572,4576,0.893924594647392,"4,000-4,999","85-89%",543,3144,1.35907335907336,"3,000-3,999","100% of estimated population",223,1758,0.953879544221378,"1,000-1,999","95-99%",85,2818,0.86019536019536,"2,000-2,999","85-89%",458,15.45267401,3999,6,95,5,"Rural town and fringe","8"
"E02006543","Angmering North, Patching & Findon","Arun",4800,0.909090909090909,"4,000-4,999","90-99%",480,4626,0.918951132300358,"4,000-4,999","90-99%",408,4545,0.92171973230582,"4,000-4,999","90-94%",386,2967,1.46423969072165,"2,000-2,999","100% of estimated population",137,1632,0.976076555023923,"1,000-1,999","95-99%",40,2913,0.893832463945996,"2,000-2,999","85-89%",346,17.03090002,3630,6,78,4,"Rural town and fringe","13"
"E02006544","Westergate, Eastergate & Walberton","Arun",9413,0.894176878502897,"7,000+","80-89%",1114,9060,0.905004495055439,"7,000+","90-99%",951,8851,0.908540340792445,"5,000+","90-94%",891,5472,1.53957209949556,"5,000+","100% of estimated population",277,2972,0.968078175895766,"2,000-2,999","95-99%",98,5879,0.881145083932854,"5,000+","85-89%",793,12.28710226,4873,8,135,7,"Rural town and fringe","32"
"E02006545","Wick & Toddington","Arun",8385,0.840432995890548,"7,000+","80-89%",1592,8001,0.857372481783112,"7,000+","80-89%",1331,7819,0.86140795416988,"5,000+","85-89%",1258,3650,2.00435785695975,"3,000-3,999","100% of estimated population",251,1663,0.962384259259259,"1,000-1,999","95-99%",65,6156,0.837664988433801,"5,000+","80-84%",1193,30.13179309,1530,3,19,1,"Urban city and town","15"
"E02006546","Angmering South","Arun",9092,0.910019017115404,"7,000+","90-99%",899,8749,0.922501054407423,"7,000+","90-99%",735,8520,0.925483380404084,"5,000+","90-94%",686,5157,1.59401309635173,"5,000+","100% of estimated population",188,2965,0.978870914493232,"2,000-2,999","95-99%",64,5555,0.899303869192164,"5,000+","85-89%",622,15.3008467,4043,6,100,5,"Urban city and town","38"
"E02006547","Yapton & Climping","Arun",5391,0.855171319796954,"5,000-5,999","80-89%",913,5211,0.866046202426458,"5,000-5,999","80-89%",806,5106,0.869550408719346,"5,000+","85-89%",766,2966,1.61941008563273,"2,000-2,999","100% of estimated population",187,1570,0.961420698101653,"1,000-1,999","95-99%",63,3536,0.834158999764095,"3,000-3,999","80-84%",703,19.54292991,3129,5,60,3,"Rural town and fringe","12"
"E02006548","Rustington North","Arun",7941,0.897085404428378,"7,000+","80-89%",911,7634,0.909675881792183,"7,000+","90-99%",758,7487,0.911936662606577,"5,000+","90-94%",723,4288,1.66230017761989,"4,000-4,999","100% of estimated population",216,2293,0.969146238377008,"2,000-2,999","95-99%",73,5194,0.888774811772758,"5,000+","85-89%",650,14.20971679,4340,7,112,6,"Urban city and town","20"
"E02006549","Ferring & Kingston Gorse","Arun",5494,0.937542662116041,"5,000-5,999","90-99%",366,5360,0.944826370527058,"5,000-5,999","90-99%",313,5298,0.946578524209398,"5,000+","90-94%",299,4153,1.23669467787115,"4,000-4,999","100% of estimated population",131,2777,0.97919605077574,"2,000-2,999","95-99%",59,2521,0.913074972835929,"2,000-2,999","90-94%",240,8.57500268,5918,9,175,9,"Urban city and town","15"
"E02006550","Littlehampton East","Arun",8002,0.898899123792406,"7,000+","80-89%",900,7763,0.911364169992956,"7,000+","90-99%",755,7617,0.914735198751051,"5,000+","90-94%",710,5010,1.46368178324366,"5,000+","100% of estimated population",194,3052,0.976327575175944,"3,000-3,999","95-99%",74,4565,0.877715823880023,"4,000-4,999","85-89%",636,17.83123219,3477,6,72,4,"Urban city and town","24"
"E02006551","East Preston & Rustington East","Arun",7026,0.944862829478214,"7,000+","90-99%",410,6908,0.948901098901099,"6,000-6,999","90-99%",372,6826,0.949902588366268,"5,000+","90-94%",360,5535,1.19859525899912,"5,000+","100% of estimated population",160,4001,0.984740339650505,"4,000-4,999","95-99%",62,2825,0.90457893051553,"2,000-2,999","90-94%",298,10.9051729,5261,8,150,8,"Urban city and town","20"
"E02006552","Littlehampton West and River","Arun",5500,0.784705378798687,"5,000-5,999","70-79%",1509,5360,0.795016315633343,"5,000-5,999","70-79%",1382,5292,0.798190045248869,"5,000+","75-79%",1338,2986,1.59205776173285,"2,000-2,999","100% of estimated population",338,1508,0.938394523957685,"1,000-1,999","90-94%",99,3784,0.753334660561418,"3,000-3,999","75-79%",1239,34.80168536,1056,2,11,1,"Urban city and town","*"
"E02006553","North Bersted","Arun",7385,0.828750981932443,"7,000+","80-89%",1526,7157,0.843985849056604,"7,000+","80-89%",1323,7020,0.84619093539055,"5,000+","80-84%",1276,3865,1.69770253929867,"3,000-3,999","100% of estimated population",270,2009,0.964011516314779,"2,000-2,999","95-99%",75,5011,0.806664520283323,"5,000+","80-84%",1201,16.98889996,3639,6,79,4,"Urban city and town","18"
"E02006554","Middleton-on-Sea","Arun",5649,0.895103787038504,"5,000-5,999","80-89%",662,5487,0.905296155749876,"5,000-5,999","90-99%",574,5376,0.90841500506928,"5,000+","90-94%",542,3720,1.38414006179197,"3,000-3,999","100% of estimated population",164,2274,0.973458904109589,"2,000-2,999","95-99%",62,3102,0.865996649916248,"3,000-3,999","85-89%",480,12.88769452,4700,7,126,7,"Urban city and town","14"
"E02006555","South Bersted","Arun",5651,0.780632684072386,"5,000-5,999","70-79%",1588,5439,0.794710695499708,"5,000-5,999","70-79%",1405,5312,0.796282416429321,"5,000+","75-79%",1359,2875,1.68048086048719,"2,000-2,999","100% of estimated population",286,1408,0.951351351351351,"1,000-1,999","95-99%",72,3904,0.752070891928338,"3,000-3,999","75-79%",1287,26.96799412,1938,3,29,2,"Urban city and town","7"
"E02006556","Felpham","Arun",8713,0.89861798679868,"7,000+","80-89%",983,8370,0.912460481848904,"7,000+","90-99%",803,8184,0.913596784996651,"5,000+","90-94%",774,5266,1.49370323051652,"5,000+","100% of estimated population",213,3138,0.976049766718507,"3,000-3,999","95-99%",77,5046,0.878634859829358,"5,000+","85-89%",697,12.46448259,4827,8,133,7,"Urban city and town","25"
"E02006557","Hawthorn Road","Arun",5585,0.748358568940105,"5,000-5,999","70-79%",1878,5368,0.764019356675206,"5,000-5,999","70-79%",1658,5242,0.766598420590816,"5,000+","75-79%",1596,2604,1.77514392143583,"2,000-2,999","100% of estimated population",349,1115,0.936974789915966,"1,000-1,999","90-94%",75,4127,0.730701133144476,"4,000-4,999","70-74%",1521,27.84866078,1817,3,25,2,"Urban city and town","9"
"E02006558","Bognor Regis Central","Arun",7734,0.710780259167356,"7,000+","70-79%",3147,7577,0.718267134325528,"7,000+","70-79%",2972,7499,0.72147392726573,"5,000+","70-74%",2895,4218,1.53983572895277,"4,000-4,999","100% of estimated population",652,2329,0.929369513168396,"2,000-2,999","90-94%",177,5170,0.655425963488844,"5,000+","Less than 70%",2718,31.62118814,1383,3,15,1,"Urban city and town","*"
"E02006559","Aldwick","Arun",7182,0.904534005037783,"7,000+","90-99%",758,6998,0.912742924220686,"6,000-6,999","90-99%",669,6883,0.913834306956984,"5,000+","90-94%",649,5254,1.25602189781022,"5,000+","100% of estimated population",226,3534,0.973017621145374,"3,000-3,999","95-99%",98,3349,0.858717948717949,"3,000-3,999","85-89%",551,9.105239201,5790,9,168,9,"Urban city and town","16"
"E02006560","Nyetimber & Pagham","Arun",7975,0.898996730920978,"7,000+","80-89%",896,7775,0.910741478271055,"7,000+","90-99%",762,7643,0.914015785697202,"5,000+","90-94%",719,5285,1.38988907074013,"5,000+","100% of estimated population",214,3254,0.977470711925503,"3,000-3,999","95-99%",75,4389,0.872044506258693,"4,000-4,999","85-89%",644,15.99592814,3878,6,90,5,"Urban city and town","22"
"E02006561","Fernhurst & Northchapel","Chichester",5555,0.914855072463768,"5,000-5,999","90-99%",517,5250,0.925273175890025,"5,000-5,999","90-99%",424,5119,0.927523102011234,"5,000+","90-94%",400,3005,1.62198986058302,"3,000-3,999","100% of estimated population",151,1473,0.965268676277851,"1,000-1,999","95-99%",53,3646,0.913097921362384,"3,000-3,999","90-94%",347,10.24809824,5471,9,156,8,"Rural village and dispersed","30"
"E02006562","Ifold & Wisborough Green","Chichester",5308,0.915014652646095,"5,000-5,999","90-99%",493,5057,0.923821702594081,"5,000-5,999","90-99%",417,4909,0.924134036144578,"4,000-4,999","90-94%",403,3159,1.48757575757576,"3,000-3,999","100% of estimated population",141,1563,0.972014925373134,"1,000-1,999","95-99%",45,3346,0.903347732181426,"3,000-3,999","90-94%",358,10.74718843,5313,8,151,8,"Rural village and dispersed","24"
"E02006563","Millland & South Harting","Chichester",5064,0.906065485775631,"5,000-5,999","90-99%",525,4845,0.913289349670123,"4,000-4,999","90-99%",460,4732,0.915811883104316,"4,000-4,999","90-94%",435,3101,1.46275115919629,"3,000-3,999","100% of estimated population",134,1548,0.972361809045226,"1,000-1,999","95-99%",44,3184,0.890629370629371,"3,000-3,999","85-89%",391,14.60118671,4236,7,105,6,"Rural village and dispersed","21"
"E02006564","Midhurst & Cocking","Chichester",6854,0.909259750596975,"6,000-6,999","90-99%",684,6600,0.917813934084272,"6,000-6,999","90-99%",591,6485,0.919988650872464,"5,000+","90-94%",564,4058,1.51980314037966,"4,000-4,999","100% of estimated population",209,2380,0.972619534123416,"2,000-2,999","95-99%",67,4105,0.892003476749239,"4,000-4,999","85-89%",497,12.26492844,4878,8,136,7,"Rural town and fringe","18"
"E02006565","Easebourne & Petworth","Chichester",6857,0.906770695583179,"6,000-6,999","90-99%",705,6601,0.915788013318535,"6,000-6,999","90-99%",607,6466,0.917293233082707,"5,000+","90-94%",583,4238,1.45860591021881,"4,000-4,999","100% of estimated population",195,2379,0.965111561866126,"2,000-2,999","95-99%",86,4087,0.891579406631763,"4,000-4,999","85-89%",497,16.79482899,3669,6,80,4,"Rural village and dispersed","26"
"E02006566","Dean, Lavant & Summersdale","Chichester",7034,0.914694408322497,"7,000+","90-99%",656,6783,0.921352893235534,"6,000-6,999","90-99%",579,6655,0.92353594227033,"5,000+","90-94%",551,4344,1.47495567375887,"4,000-4,999","100% of estimated population",168,2519,0.980919003115265,"2,000-2,999","95-99%",49,4136,0.891763691246227,"4,000-4,999","85-89%",502,12.05694457,4934,8,137,7,"Rural village and dispersed","31"
"E02006567","Westbourne & Funtington","Chichester",6539,0.905553247472649,"6,000-6,999","90-99%",682,6276,0.915135608048994,"6,000-6,999","90-99%",582,6133,0.917564332734889,"5,000+","90-94%",551,3839,1.53632264529058,"3,000-3,999","100% of estimated population",153,2027,0.979227053140097,"2,000-2,999","95-99%",43,4106,0.889900303424361,"4,000-4,999","85-89%",508,13.64851576,4488,7,117,6,"Urban city and town","20"
"E02006568","College Lane & Oaklands","Chichester",9536,0.840917107583774,"7,000+","80-89%",1804,9229,0.849815837937385,"7,000+","80-89%",1631,9048,0.852218140717717,"5,000+","85-89%",1569,4242,1.97727272727273,"4,000-4,999","100% of estimated population",334,2240,0.945945945945946,"2,000-2,999","90-94%",128,6808,0.825312159049582,"5,000+","80-84%",1441,19.10565694,3221,5,63,4,"Urban city and town","32"
"E02006569","Southbourne, Bosham & Thorney","Chichester",7880,0.905643029536835,"7,000+","90-99%",821,7597,0.914529914529915,"7,000+","90-99%",710,7464,0.918081180811808,"5,000+","90-94%",666,4229,1.68677966101695,"4,000-4,999","100% of estimated population",196,2441,0.966732673267327,"2,000-2,999","95-99%",84,5023,0.896164139161463,"5,000+","85-89%",582,9.564567845,5674,9,161,9,"Urban city and town","22"
"E02006570","Central Chichester","Chichester",7037,0.804136670094846,"7,000+","80-89%",1714,6865,0.807742087304389,"6,000-6,999","80-89%",1634,6740,0.811950367425611,"5,000+","80-84%",1561,3777,1.65479990179229,"3,000-3,999","100% of estimated population",296,2202,0.949956859361519,"2,000-2,999","90-94%",116,4538,0.758482366705666,"4,000-4,999","75-79%",1445,15.36868031,4025,6,99,5,"Urban city and town","13"
"E02006571","Stockbridge & Fishbourne","Chichester",7351,0.883321316991108,"7,000+","80-89%",971,7034,0.885782647021786,"7,000+","80-89%",907,6882,0.886170486737059,"5,000+","85-89%",884,3975,1.65154787616991,"3,000-3,999","100% of estimated population",192,2204,0.971781305114638,"2,000-2,999","95-99%",64,4678,0.850854856311386,"4,000-4,999","85-89%",820,9.061573637,5801,9,169,9,"Urban city and town","31"
"E02006572","Tangmere, Mundham & Hunston","Chichester",8762,0.82225975975976,"7,000+","80-89%",1894,8448,0.834452785460292,"7,000+","80-89%",1676,8281,0.836718197433566,"5,000+","80-84%",1616,4293,1.80650087260035,"4,000-4,999","100% of estimated population",291,2118,0.960544217687075,"2,000-2,999","95-99%",87,6163,0.801222048881955,"5,000+","80-84%",1529,16.51197352,3739,6,85,5,"Rural town and fringe","15"
"E02006573","Wittering & Birdham","Chichester",9731,0.898937644341801,"7,000+","80-89%",1094,9408,0.909512761020882,"7,000+","90-99%",936,9258,0.912657728706625,"5,000+","90-94%",886,6320,1.40421659335659,"5,000+","100% of estimated population",273,3755,0.974818276220145,"3,000-3,999","95-99%",97,5503,0.874602670057215,"5,000+","85-89%",789,14.51312858,4261,7,108,6,"Rural town and fringe","21"
"E02006574","Selsey","Chichester",9455,0.878146187424538,"7,000+","80-89%",1312,9184,0.888029394701218,"7,000+","80-89%",1158,9016,0.890821065112143,"5,000+","85-89%",1105,6371,1.33867854491463,"5,000+","100% of estimated population",364,3927,0.97106824925816,"3,000-3,999","95-99%",117,5089,0.837419779496462,"5,000+","80-84%",988,17.34970222,3570,6,77,4,"Urban city and town","27"
"E02006575","Langley Green & Gatwick Airport","Crawley",6483,0.747837120775176,"6,000-6,999","70-79%",2186,6207,0.762437047045817,"6,000-6,999","70-79%",1934,6051,0.766434452184927,"5,000+","75-79%",1844,2404,2.24194145979993,"2,000-2,999","100% of estimated population",295,978,0.928774928774929,"Up to 999","90-94%",75,5073,0.741449868459515,"5,000+","70-74%",1769,21.8129623,2701,4,53,3,"Urban city and town","16"
"E02006576","Pound Hill","Crawley",7874,0.876251947473848,"7,000+","80-89%",1112,7535,0.887619271999058,"7,000+","80-89%",954,7350,0.89058524173028,"5,000+","85-89%",903,3161,2.18945487042002,"3,000-3,999","100% of estimated population",196,1453,0.95844327176781,"1,000-1,999","95-99%",63,5897,0.87531542229479,"5,000+","85-89%",840,10.48006439,5397,8,153,8,"Urban city and town","31"
"E02006577","Ewhurst & West Green","Crawley",6470,0.815991928364233,"6,000-6,999","80-89%",1459,6243,0.835854866782702,"6,000-6,999","80-89%",1226,6115,0.839972527472527,"5,000+","80-84%",1165,2762,2.04446673353394,"2,000-2,999","100% of estimated population",229,1307,0.949164851125635,"1,000-1,999","90-94%",70,4808,0.814501101135016,"4,000-4,999","80-84%",1095,24.43902816,2305,4,41,3,"Urban city and town","11"
"E02006578","Manor Royal & Northgate","Crawley",8742,0.761166739225076,"7,000+","70-79%",2743,8436,0.772032579848083,"7,000+","70-79%",2491,8280,0.773904103187214,"5,000+","75-79%",2419,3017,2.443198583653,"3,000-3,999","100% of estimated population",372,1282,0.929659173313996,"1,000-1,999","90-94%",97,6998,0.750858369098712,"5,000+","75-79%",2322,18.61559823,3327,5,66,4,"Urban city and town","23"
"E02006579","Three Bridges","Crawley",6282,0.813730569948186,"6,000-6,999","80-89%",1438,6036,0.824928249282493,"6,000-6,999","80-89%",1281,5894,0.827925270403147,"5,000+","80-84%",1225,2623,2.07024938531788,"2,000-2,999","100% of estimated population",224,1175,0.952188006482982,"1,000-1,999","95-99%",59,4719,0.801869158878505,"4,000-4,999","80-84%",1166,14.84956376,4155,7,102,6,"Urban city and town","26"
"E02006580","Ifield & Gossops Green","Crawley",6231,0.839191919191919,"6,000-6,999","80-89%",1194,6001,0.852293708280074,"6,000-6,999","80-89%",1040,5871,0.855581463130283,"5,000+","85-89%",991,2883,1.88838854937279,"2,000-2,999","100% of estimated population",226,1383,0.957756232686981,"1,000-1,999","95-99%",61,4488,0.828349944629014,"4,000-4,999","80-84%",930,15.9521291,3889,6,92,5,"Urban city and town","20"
"E02006581","Southgate","Crawley",7374,0.782802547770701,"7,000+","70-79%",2046,7102,0.795118674429019,"7,000+","70-79%",1830,6935,0.798871097799793,"5,000+","75-79%",1746,2865,2.20228644013973,"2,000-2,999","100% of estimated population",284,1310,0.940416367552046,"1,000-1,999","90-94%",83,5625,0.771816684961581,"5,000+","75-79%",1663,22.47025754,2596,4,50,3,"Urban city and town","31"
"E02006582","Maidenbower East & Worth","Crawley",6203,0.892646423945891,"6,000-6,999","80-89%",746,5827,0.899228395061728,"5,000-5,999","80-89%",653,5647,0.901644579275108,"5,000+","90-94%",616,2685,1.97793345008757,"2,000-2,999","100% of estimated population",170,991,0.948325358851675,"Up to 999","90-94%",54,4656,0.892295898811805,"4,000-4,999","85-89%",562,5.376857784,6595,10,195,10,"Urban city and town","44"
"E02006583","Maidenbower West & Furnace Green","Crawley",7213,0.860124016217505,"7,000+","80-89%",1173,6907,0.869351793580868,"6,000-6,999","80-89%",1038,6730,0.871874595154813,"5,000+","85-89%",989,3336,1.90435766836446,"3,000-3,999","100% of estimated population",198,1580,0.969325153374233,"1,000-1,999","95-99%",50,5150,0.845787485629824,"5,000+","80-84%",939,13.39668728,4550,7,118,6,"Urban city and town","35"
"E02006584","Bewbush","Crawley",5577,0.795918367346939,"5,000-5,999","70-79%",1430,5326,0.814373088685015,"5,000-5,999","80-89%",1214,5187,0.818655303030303,"5,000+","80-84%",1149,2173,2.1496062992126,"2,000-2,999","100% of estimated population",240,777,0.922802850356295,"Up to 999","90-94%",65,4410,0.802693847834001,"4,000-4,999","80-84%",1084,25.14902821,2198,4,37,2,"Urban city and town","16"
"E02006585","Tilgate","Crawley",6073,0.823569297531869,"6,000-6,999","80-89%",1301,5778,0.839581517000872,"5,000-5,999","80-89%",1104,5588,0.843344400845155,"5,000+","80-84%",1038,2584,2.00718390804598,"2,000-2,999","100% of estimated population",200,1162,0.955592105263158,"1,000-1,999","95-99%",54,4426,0.8181146025878,"4,000-4,999","80-84%",984,20.39284086,2967,5,55,3,"Urban city and town","34"
"E02006586","Broadfield West","Crawley",5747,0.771927468099396,"5,000-5,999","70-79%",1698,5455,0.787498195467013,"5,000-5,999","70-79%",1472,5322,0.791846451420919,"5,000+","75-79%",1399,2017,2.32503276539974,"2,000-2,999","100% of estimated population",272,704,0.903722721437741,"Up to 999","90-94%",75,4618,0.777179400875126,"4,000-4,999","75-79%",1324,25.156831,2194,4,36,2,"Urban city and town","25"
"E02006587","Broadfield East","Crawley",6030,0.783218599818158,"6,000-6,999","70-79%",1669,5778,0.799391256225789,"5,000-5,999","70-79%",1450,5631,0.803510273972603,"5,000+","80-84%",1377,2416,2.09642591213701,"2,000-2,999","100% of estimated population",270,932,0.932932932932933,"Up to 999","90-94%",67,4699,0.781993676152438,"4,000-4,999","75-79%",1310,27.66866727,1844,3,26,2,"Urban city and town","18"
"E02006588","Rusper, Faygate & Leechpool","Horsham",7965,0.86080190208581,"7,000+","80-89%",1288,7661,0.872253216440852,"7,000+","80-89%",1122,7525,0.8767330770127,"5,000+","85-89%",1058,3495,2.00079766019676,"3,000-3,999","100% of estimated population",266,1664,0.963520555877244,"1,000-1,999","95-99%",63,5861,0.854871645274212,"5,000+","85-89%",995,16.60534707,3719,6,81,5,"Urban city and town","17"
"E02006589","Littlehaven","Horsham",9696,0.914285714285714,"7,000+","90-99%",909,9249,0.920390088566026,"7,000+","90-99%",800,8995,0.922658734229152,"5,000+","90-94%",754,4935,1.74119241192412,"4,000-4,999","100% of estimated population",231,2347,0.971440397350993,"2,000-2,999","95-99%",69,6648,0.906586663030138,"5,000+","90-94%",685,3.497001886,6756,10,200,10,"Urban city and town","50"
"E02006590","Broadbridge Heath & Warnham","Horsham",7190,0.888641700655049,"7,000+","80-89%",901,6880,0.898641588296761,"6,000-6,999","80-89%",776,6712,0.9008186820561,"5,000+","90-94%",739,3707,1.710499490316,"3,000-3,999","100% of estimated population",217,1775,0.965198477433388,"1,000-1,999","95-99%",64,4937,0.879722024233785,"4,000-4,999","85-89%",675,9.050784033,5804,9,170,9,"Urban city and town","31"
"E02006591","Horsham East & Roffey","Horsham",6604,0.888111888111888,"6,000-6,999","80-89%",832,6313,0.895842202355612,"6,000-6,999","80-89%",734,6147,0.897110332749562,"5,000+","85-89%",705,3159,1.82946428571429,"3,000-3,999","100% of estimated population",201,1563,0.964219617520049,"1,000-1,999","95-99%",58,4584,0.876314280252342,"4,000-4,999","85-89%",647,8.998715793,5815,9,172,9,"Urban city and town","24"
"E02006592","Rudgwick, Slinfold & Barns Green","Horsham",5668,0.863234846177277,"5,000-5,999","80-89%",898,5400,0.8777633289987,"5,000-5,999","80-89%",752,5261,0.894727891156463,"5,000+","85-89%",619,3181,1.57798440311938,"3,000-3,999","100% of estimated population",153,1534,0.967213114754098,"1,000-1,999","95-99%",52,3727,0.867955286446204,"3,000-3,999","85-89%",567,14.21635096,4339,7,111,6,"Rural village and dispersed","20"
"E02006593","Horsham Central","Horsham",9083,0.852383633633634,"7,000+","80-89%",1573,8724,0.860185367777559,"7,000+","80-89%",1418,8539,0.862699535259648,"5,000+","85-89%",1359,4242,1.8652249890782,"4,000-4,999","100% of estimated population",336,2212,0.961321164710995,"2,000-2,999","95-99%",89,6327,0.832828748190075,"5,000+","80-84%",1270,14.65895291,4217,7,104,6,"Urban city and town","26"
"E02006594","Horsham West","Horsham",8369,0.896806686669524,"7,000+","80-89%",963,7925,0.908726063524825,"7,000+","90-99%",796,7728,0.911213300318359,"5,000+","90-94%",753,3641,2.0140734949179,"3,000-3,999","100% of estimated population",196,1772,0.969365426695842,"1,000-1,999","95-99%",56,5956,0.895235232226063,"5,000+","85-89%",697,7.347347982,6203,10,182,10,"Urban city and town","45"
"E02006595","Horsham South, Mannings Heath & Nuthurst","Horsham",7499,0.881924026814066,"7,000+","80-89%",1004,6897,0.902394347769201,"6,000-6,999","90-99%",746,6554,0.910657218285397,"5,000+","90-94%",643,3909,1.59000485201359,"3,000-3,999","100% of estimated population",213,1995,0.967507274490786,"1,000-1,999","95-99%",67,4559,0.887828627069133,"4,000-4,999","85-89%",576,8.959936259,5821,9,173,9,"Urban city and town","58"
"E02006596","Southwater","Horsham",7881,0.925434476279944,"7,000+","90-99%",635,7455,0.93374248496994,"7,000+","90-99%",529,7233,0.93631067961165,"5,000+","90-94%",492,3752,1.86706246773361,"3,000-3,999","100% of estimated population",122,1570,0.97636815920398,"1,000-1,999","95-99%",38,5663,0.925780611410822,"5,000+","90-94%",454,5.552218204,6563,10,192,10,"Rural town and fringe","56"
"E02006597","Billingshurst","Horsham",9811,0.901663450050547,"7,000+","90-99%",1070,9350,0.91219512195122,"7,000+","90-99%",900,9078,0.913647342995169,"5,000+","90-94%",858,4802,1.80477137176938,"4,000-4,999","100% of estimated population",228,2317,0.972712006717044,"2,000-2,999","95-99%",65,6761,0.895022504633307,"5,000+","85-89%",793,11.17481744,5189,8,148,8,"Rural town and fringe","54"
"E02006598","Cowfold & Partridge Green","Horsham",4795,0.915076335877863,"4,000-4,999","90-99%",445,4610,0.922922922922923,"4,000-4,999","90-99%",385,4500,0.923834941490454,"4,000-4,999","90-94%",371,2771,1.5527950310559,"2,000-2,999","100% of estimated population",127,1376,0.975886524822695,"1,000-1,999","95-99%",34,3124,0.902629297890783,"3,000-3,999","90-94%",337,10.66659107,5348,8,152,8,"Rural town and fringe","20"
"E02006599","West Chiltington Common","Horsham",6289,0.940340909090909,"6,000-6,999","90-99%",399,6070,0.947697111631538,"6,000-6,999","90-99%",335,5966,0.949244232299125,"5,000+","90-94%",319,4443,1.30718667835232,"4,000-4,999","100% of estimated population",121,2687,0.987504593899302,"2,000-2,999","95-99%",34,3279,0.92003367003367,"3,000-3,999","90-94%",285,5.474322068,6572,10,193,10,"Rural town and fringe","21"
"E02006600","Amberley, Pulborough & Storrington","Horsham",8372,0.917077445503341,"7,000+","90-99%",757,8088,0.926672777268561,"7,000+","90-99%",640,7933,0.928922716627635,"5,000+","90-94%",607,5058,1.51162347560976,"5,000+","100% of estimated population",190,2989,0.974250325945241,"2,000-2,999","95-99%",79,4944,0.903508771929825,"4,000-4,999","90-94%",528,12.99445899,4668,7,125,7,"Rural town and fringe","25"
"E02006601","Henfield & Small Dole","Horsham",7417,0.91931085770947,"7,000+","90-99%",651,7129,0.926205014940886,"7,000+","90-99%",568,6957,0.928218812541694,"5,000+","90-94%",538,4380,1.52432077125329,"4,000-4,999","100% of estimated population",184,2417,0.977355438738374,"2,000-2,999","95-99%",56,4540,0.904022301871764,"4,000-4,999","90-94%",482,11.72670316,5021,8,141,8,"Rural town and fringe","41"
"E02006602","Ashington & Washington","Horsham",7307,0.912462537462537,"7,000+","90-99%",701,6972,0.927497671943595,"6,000-6,999","90-99%",545,6791,0.929128471747161,"5,000+","90-94%",518,4097,1.59488022545796,"4,000-4,999","100% of estimated population",161,2017,0.973455598455598,"2,000-2,999","95-99%",55,4774,0.911590605308383,"4,000-4,999","90-94%",463,11.12866318,5203,8,149,8,"Rural town and fringe","29"
"E02006603","Steyning & Upper Beeding","Horsham",7427,0.898934882595013,"7,000+","80-89%",835,7115,0.91066171765007,"7,000+","90-99%",698,6918,0.915806195393169,"5,000+","90-94%",636,4621,1.44034978138663,"4,000-4,999","100% of estimated population",182,2694,0.978924418604651,"2,000-2,999","95-99%",58,4224,0.87963348604748,"4,000-4,999","85-89%",578,7.572664612,6152,10,181,9,"Rural town and fringe","37"
"E02006604","East Grinstead Central & North","Mid Sussex",9939,0.838451155728024,"7,000+","80-89%",1915,9531,0.848482150805662,"7,000+","80-89%",1702,9350,0.852790952207224,"5,000+","85-89%",1614,4838,1.76415094339623,"4,000-4,999","100% of estimated population",462,2487,0.942045454545455,"2,000-2,999","90-94%",153,6863,0.824483421432004,"5,000+","80-84%",1461,10.47741441,5398,8,154,8,"Urban city and town","42"
"E02006605","Copthorne & Turners Hill","Mid Sussex",5341,0.836622807017544,"5,000-5,999","80-89%",1043,5113,0.85301968635302,"5,000-5,999","80-89%",881,4942,0.87329916946457,"4,000-4,999","85-89%",717,2682,1.76122594440485,"2,000-2,999","100% of estimated population",124,1322,0.969208211143695,"1,000-1,999","95-99%",42,3620,0.842840512223516,"3,000-3,999","80-84%",675,5.699532955,6541,10,191,10,"Urban city and town","36"
"E02006606","East Grinstead East","Mid Sussex",6523,0.882321114567834,"6,000-6,999","80-89%",870,6184,0.894287780187997,"6,000-6,999","80-89%",731,6049,0.897211509937704,"5,000+","85-89%",693,3471,1.63221802482461,"3,000-3,999","100% of estimated population",235,1689,0.953698475437606,"1,000-1,999","95-99%",82,4360,0.877087105210219,"4,000-4,999","85-89%",611,4.529969,6685,10,198,10,"Urban city and town","21"
"E02006607","East Grinstead West & South","Mid Sussex",6339,0.887442251154977,"6,000-6,999","80-89%",804,6040,0.895743734242919,"6,000-6,999","80-89%",703,5895,0.897260273972603,"5,000+","85-89%",675,3527,1.57283884738527,"3,000-3,999","100% of estimated population",221,1965,0.967503692762186,"1,000-1,999","95-99%",66,3930,0.865829477858559,"3,000-3,999","85-89%",609,3.691259236,6745,10,199,10,"Urban city and town","37"
"E02006608","Crawley Down","Mid Sussex",5199,0.912585571353344,"5,000-5,999","90-99%",498,4980,0.919667590027701,"4,000-4,999","90-99%",435,4874,0.921883866086628,"4,000-4,999","90-94%",413,2944,1.59021207177814,"2,000-2,999","100% of estimated population",121,1606,0.97156684815487,"1,000-1,999","95-99%",47,3268,0.899284534947716,"3,000-3,999","85-89%",366,5.056763009,6626,10,197,10,"Urban city and town","24"
"E02006609","Horsted Keynes, Ardingly & Sharpthorne","Mid Sussex",5663,0.87149892274546,"5,000-5,999","80-89%",835,5388,0.885892798421572,"5,000-5,999","80-89%",694,5191,0.898718836565097,"5,000+","85-89%",585,3110,1.57685297691373,"3,000-3,999","100% of estimated population",182,1522,0.961465571699305,"1,000-1,999","95-99%",61,3669,0.875029811590746,"3,000-3,999","85-89%",524,9.659102603,5645,9,159,8,"Rural village and dispersed","29"
"E02006610","Balcombe & Handcross","Mid Sussex",6345,0.883704735376045,"6,000-6,999","80-89%",835,6012,0.895175699821322,"6,000-6,999","80-89%",704,5853,0.898388334612433,"5,000+","85-89%",662,3202,1.74092801903629,"3,000-3,999","100% of estimated population",160,1511,0.970456005138086,"1,000-1,999","95-99%",46,4342,0.875756353368294,"4,000-4,999","85-89%",616,11.74739519,5014,8,140,7,"Rural village and dispersed","25"
"E02006611","Haywards Heath North East","Mid Sussex",9419,0.926884471560716,"7,000+","90-99%",743,8910,0.937204165351846,"7,000+","90-99%",597,8662,0.938970189701897,"5,000+","90-94%",563,4836,1.73587174348697,"4,000-4,999","100% of estimated population",154,2746,0.981766178047908,"2,000-2,999","95-99%",51,5916,0.920348475420037,"5,000+","90-94%",512,2.93080899,6780,10,202,10,"Urban city and town","46"
"E02006612","Haywards Heath West","Mid Sussex",9221,0.869249622926094,"7,000+","80-89%",1387,8857,0.87563025210084,"7,000+","80-89%",1258,8663,0.876910618483652,"5,000+","85-89%",1216,4096,1.96707538601272,"4,000-4,999","100% of estimated population",308,2240,0.958904109589041,"2,000-2,999","95-99%",96,6423,0.85151796367493,"5,000+","85-89%",1120,5.742168129,6533,10,190,10,"Urban city and town","29"
"E02006613","Haywards Heath East","Mid Sussex",5954,0.882858837485172,"5,000-5,999","80-89%",790,5687,0.896296296296296,"5,000-5,999","80-89%",658,5523,0.898194828427387,"5,000+","85-89%",626,2620,1.97956989247312,"2,000-2,999","100% of estimated population",170,1207,0.960222752585521,"1,000-1,999","95-99%",50,4316,0.882256745707277,"4,000-4,999","85-89%",576,12.6725321,4771,8,130,7,"Urban city and town","22"
"E02006614","Haywards Heath South & Cuckfield","Mid Sussex",10259,0.905312389692905,"7,000+","90-99%",1073,9716,0.91453313253012,"7,000+","90-99%",908,9453,0.915810889362527,"5,000+","90-94%",869,4575,1.97183979974969,"4,000-4,999","100% of estimated population",219,2108,0.97098111469369,"2,000-2,999","95-99%",63,7345,0.901116427432217,"5,000+","90-94%",806,7.595089887,6147,10,180,9,"Urban city and town","52"
"E02006615","Burgess Hill West","Mid Sussex",5537,0.899009579477188,"5,000-5,999","80-89%",622,5278,0.9082774049217,"5,000-5,999","90-99%",533,5132,0.911545293072824,"5,000+","90-94%",498,2477,1.96628352490421,"2,000-2,999","100% of estimated population",133,974,0.960552268244576,"Up to 999","95-99%",40,4158,0.900779896013865,"4,000-4,999","90-94%",458,6.716029083,6350,10,186,10,"Urban city and town","21"
"E02006616","Burgess Hill East","Mid Sussex",7989,0.920391705069124,"7,000+","90-99%",691,7637,0.92986728357482,"7,000+","90-99%",576,7465,0.931494883953082,"5,000+","90-94%",549,3583,2.01756756756757,"3,000-3,999","100% of estimated population",117,1757,0.972868217054264,"1,000-1,999","95-99%",49,5708,0.919458762886598,"5,000+","90-94%",500,8.582498369,5915,9,174,9,"Urban city and town","29"
"E02006617","Burgess Hill Central","Mid Sussex",7398,0.868411785420824,"7,000+","80-89%",1121,7108,0.877747591998024,"7,000+","80-89%",990,6961,0.879802831142568,"5,000+","85-89%",951,3495,1.89106221135561,"3,000-3,999","100% of estimated population",186,1761,0.965460526315789,"1,000-1,999","95-99%",63,5200,0.854139290407359,"5,000+","85-89%",888,14.43329833,4280,7,109,6,"Urban city and town","15"
"E02006618","Burgess Hill South","Mid Sussex",5503,0.936043544820548,"5,000-5,999","90-99%",376,5246,0.944374437443744,"5,000-5,999","90-99%",309,5095,0.945444423826313,"5,000+","90-94%",294,3019,1.63563402889246,"3,000-3,999","100% of estimated population",96,1609,0.975742874469375,"1,000-1,999","95-99%",40,3486,0.932085561497326,"3,000-3,999","90-94%",254,3.254347239,6766,10,201,10,"Urban city and town","26"
"E02006619","Hurstpierpoint & Bolney","Mid Sussex",7165,0.903986878627303,"7,000+","90-99%",761,6721,0.914670658682635,"6,000-6,999","90-99%",627,6505,0.916842847075405,"5,000+","90-94%",590,3527,1.74490343347639,"3,000-3,999","100% of estimated population",201,1623,0.958653278204371,"1,000-1,999","95-99%",70,4882,0.90373935579415,"4,000-4,999","90-94%",520,12.7254253,4758,8,127,7,"Urban city and town","35"
"E02006620","Hassocks, Keymer & East Hurstpierpoint","Mid Sussex",8311,0.922317167905893,"7,000+","90-99%",700,7906,0.92989884733004,"7,000+","90-99%",596,7700,0.932429159602809,"5,000+","90-94%",558,4500,1.63864652053628,"4,000-4,999","100% of estimated population",199,2516,0.972931167826759,"2,000-2,999","95-99%",70,5184,0.913963328631876,"5,000+","90-94%",488,5.240779055,6612,10,196,10,"Urban city and town","29"
"E02006621","High Salvington & Findon Valley","Worthing",6834,0.940027510316369,"6,000-6,999","90-99%",436,6626,0.946030839520274,"6,000-6,999","90-99%",378,6511,0.94843408594319,"5,000+","90-94%",354,4486,1.4099177132958,"4,000-4,999","100% of estimated population",132,2712,0.980477223427332,"2,000-2,999","95-99%",54,3799,0.926811417418883,"3,000-3,999","90-94%",300,6.580298551,6381,10,187,10,"Urban city and town","26"
"E02006622","Salvington","Worthing",6518,0.903646194371274,"6,000-6,999","90-99%",695,6263,0.912973760932945,"6,000-6,999","90-99%",597,6119,0.915743789284645,"5,000+","90-94%",563,3567,1.64268456375839,"3,000-3,999","100% of estimated population",158,1940,0.965174129353234,"1,000-1,999","95-99%",70,4179,0.894477739726027,"4,000-4,999","85-89%",493,13.35076291,4567,7,119,6,"Urban city and town","37"
"E02006623","Durrington North","Worthing",6434,0.881732218720022,"6,000-6,999","80-89%",863,6159,0.895463797615586,"6,000-6,999","80-89%",719,6002,0.899985005248163,"5,000+","85-89%",667,3267,1.75189725627554,"3,000-3,999","100% of estimated population",159,1715,0.964024732996065,"1,000-1,999","95-99%",64,4287,0.876687116564417,"4,000-4,999","85-89%",603,22.5440121,2584,4,49,3,"Urban city and town","22"
"E02006624","Broadwater West","Worthing",6313,0.914265025343954,"6,000-6,999","90-99%",592,5946,0.922432516289172,"5,000-5,999","90-99%",500,5757,0.924670735624799,"5,000+","90-94%",469,3246,1.70830860534125,"3,000-3,999","100% of estimated population",124,1521,0.977506426735218,"1,000-1,999","95-99%",35,4236,0.907066381156317,"4,000-4,999","90-94%",434,6.476818109,6407,10,188,10,"Urban city and town","34"
"E02006625","Broadwater East","Worthing",6362,0.8954257565095,"6,000-6,999","80-89%",743,6019,0.903618075364059,"6,000-6,999","90-99%",642,5849,0.907384424449271,"5,000+","90-94%",597,2742,2.03019784796945,"2,000-2,999","100% of estimated population",139,1120,0.968020743301642,"1,000-1,999","95-99%",37,4729,0.894119871431272,"4,000-4,999","85-89%",560,12.4734101,4818,8,132,7,"Urban city and town","28"
"E02006626","Northbrook","Worthing",7445,0.855059147812105,"7,000+","80-89%",1262,7050,0.872416780101473,"7,000+","80-89%",1031,6848,0.877723660599846,"5,000+","85-89%",954,2907,2.19980725987793,"2,000-2,999","100% of estimated population",206,1236,0.951501154734411,"1,000-1,999","95-99%",63,5612,0.862986314008919,"5,000+","85-89%",891,26.39548002,2030,3,33,2,"Urban city and town","35"
"E02006627","Durrington South","Worthing",7767,0.884120660216278,"7,000+","80-89%",1018,7472,0.895279175653007,"7,000+","80-89%",874,7311,0.897936624907885,"5,000+","85-89%",831,3858,1.80162641695416,"3,000-3,999","100% of estimated population",200,1979,0.966780654616512,"1,000-1,999","95-99%",68,5332,0.87481542247744,"5,000+","85-89%",763,14.53922649,4256,7,107,6,"Urban city and town","20"
"E02006628","Broadwater South","Worthing",6860,0.851433536055604,"6,000-6,999","80-89%",1197,6507,0.860600449675969,"6,000-6,999","80-89%",1054,6362,0.863346451350251,"5,000+","85-89%",1007,2837,2.06558441558442,"2,000-2,999","100% of estimated population",243,1138,0.945968412302577,"1,000-1,999","90-94%",65,5224,0.847226727213753,"5,000+","80-84%",942,19.47465194,3138,5,61,4,"Urban city and town","17"
"E02006629","East Worthing","Worthing",6058,0.860633612729081,"6,000-6,999","80-89%",981,5781,0.871419957793187,"5,000-5,999","80-89%",853,5626,0.877007014809041,"5,000+","85-89%",789,2932,1.78489847715736,"2,000-2,999","100% of estimated population",220,1358,0.951646811492642,"1,000-1,999","95-99%",69,4268,0.855653568564555,"4,000-4,999","85-89%",720,23.90685928,2376,4,42,3,"Urban city and town","22"
"E02006630","Heene","Worthing",6919,0.861643835616438,"6,000-6,999","80-89%",1111,6773,0.867888262429523,"6,000-6,999","80-89%",1031,6698,0.869983114690219,"5,000+","85-89%",1001,3967,1.57525870178739,"3,000-3,999","100% of estimated population",285,2366,0.957894736842105,"2,000-2,999","95-99%",104,4332,0.828456683878371,"4,000-4,999","80-84%",897,25.46835559,2157,4,35,2,"Urban city and town","7"
"E02006631","Worthing Central","Worthing",7753,0.8024218588284,"7,000+","80-89%",1909,7573,0.808994765516505,"7,000+","80-89%",1788,7462,0.810734463276836,"5,000+","80-84%",1742,3576,1.87393269713712,"3,000-3,999","100% of estimated population",406,1797,0.943307086614173,"1,000-1,999","90-94%",108,5665,0.776133716947527,"5,000+","75-79%",1634,26.87819288,1952,3,30,2,"Urban city and town","17"
"E02006632","West Worthing","Worthing",6868,0.907505285412262,"6,000-6,999","90-99%",700,6640,0.915988412194785,"6,000-6,999","90-99%",609,6506,0.918407679277245,"5,000+","90-94%",578,4053,1.5351580934403,"4,000-4,999","100% of estimated population",185,2280,0.966101694915254,"2,000-2,999","95-99%",80,4226,0.894580863674852,"4,000-4,999","85-89%",498,9.732121734,5614,9,158,8,"Urban city and town","22"
"E02006633","Goring-by-Sea","Worthing",7227,0.929876479670612,"7,000+","90-99%",545,6983,0.937189638974634,"6,000-6,999","90-99%",468,6840,0.938657883902841,"5,000+","90-94%",447,4603,1.43456375838926,"4,000-4,999","100% of estimated population",165,2849,0.976688378471032,"2,000-2,999","95-99%",68,3991,0.913272311212815,"3,000-3,999","90-94%",379,9.200461123,5763,9,167,9,"Urban city and town","19"
"E02006857","St Anthony's Hill","Eastbourne",7140,0.865139949109415,"7,000+","80-89%",1113,6871,0.880558759451493,"6,000-6,999","80-89%",932,6739,0.885894570790062,"5,000+","85-89%",868,3974,1.60796945836316,"3,000-3,999","100% of estimated population",217,2221,0.960640138408305,"2,000-2,999","95-99%",91,4518,0.853257790368272,"4,000-4,999","85-89%",777,20.65838146,2918,5,54,3,"Urban city and town","11"
"E02006858","Sovereign Harbour","Eastbourne",5570,0.844707309675463,"5,000-5,999","80-89%",1024,5401,0.858255204195137,"5,000-5,999","80-89%",892,5311,0.864279902359642,"5,000+","85-89%",834,3440,1.42884046273877,"3,000-3,999","100% of estimated population",277,1943,0.944120505344995,"1,000-1,999","90-94%",115,3368,0.824076339613408,"3,000-3,999","80-84%",719,18.89521644,3271,5,64,4,"Urban city and town","9"
