LTLA_code,LTLA_name,Age_12_15,Age_16_17,Age_18_24,Age_25_29,Age_30_34,Age_35_39,Age_40_44,Age_45_49,Age_50_54,Age_55_59,Age_60_64,Age_65_69,Age_70_74,Age_75_79,Age_80_and_over,Age_18_and_over,Age_16_and_over,Age_12_and_over
E07000032,Amber Valley,"5,571","2,603","8,681","7,455","7,998","7,695","7,553","8,578","10,200","10,166","8,648","7,599","8,159","6,056","6,881","105,669","108,272","113,843"
E07000170,Ashfield,"6,042","2,803","9,283","8,180","9,252","8,536","7,990","8,150","9,826","9,489","7,961","6,665","6,702","5,436","6,272","103,742","106,545","112,587"
E07000171,Bassetlaw,"5,540","2,568","8,626","7,790","8,181","7,760","7,214","7,793","9,436","9,573","8,225","6,983","7,260","5,461","6,550","100,852","103,420","108,960"
E07000129,Blaby,"4,918","2,352","6,925","6,031","7,194","7,116","6,640","6,695","7,480","7,402","6,554","5,454","5,706","4,414","5,673","83,284","85,636","90,554"
E07000033,Bolsover,"3,758","1,694","5,897","5,607","5,812","5,404","4,629","5,289","6,675","6,409","5,353","4,547","4,364","3,573","3,886","67,445","69,139","72,897"
E07000136,Boston,"3,835","1,729","6,193","5,702","6,433","6,094","5,458","5,289","5,550","5,519","4,761","4,061","3,975","2,972","3,945","65,952","67,681","71,516"
E07000172,Broxtowe,"4,974","2,230","10,084","8,317","8,819","8,406","7,294","7,226","8,366","8,304","7,089","6,201","6,758","5,104","6,513","98,481","100,711","105,685"
E07000130,Charnwood,"7,942","3,990","24,299","13,710","13,582","12,793","11,687","11,340","12,740","12,233","10,832","9,543","9,420","7,081","8,998","158,258","162,248","170,190"
E07000034,Chesterfield,"4,636","2,175","7,362","6,774","6,978","6,640","6,514","6,729","7,993","8,219","7,140","6,092","6,080","4,638","5,732","86,891","89,066","93,702"
E06000015,Derby,"14,414","6,691","27,050","21,047","22,048","21,501","19,521","18,358","18,659","17,603","14,314","11,865","11,265","8,385","12,101","223,717","230,408","244,822"
E07000035,Derbyshire Dales,"3,131","1,640","4,683","3,411","3,546","3,535","3,907","4,711","6,019","6,527","5,841","5,220","5,522","4,252","5,228","62,402","64,042","67,173"
E07000137,East Lindsey,"6,032","2,830","9,069","7,291","7,783","7,188","7,001","7,930","10,778","12,228","12,066","11,488","12,230","9,553","10,713","125,318","128,148","134,180"
E07000036,Erewash,"5,117","2,544","8,145","7,223","8,018","7,426","7,114","7,573","9,032","8,796","7,333","6,142","6,414","4,958","6,128","94,302","96,846","101,963"
E07000173,Gedling,"5,546","2,553","7,893","7,168","8,266","7,884","7,885","7,825","9,064","8,954","7,727","6,700","6,984","5,111","6,774","98,235","100,788","106,334"
E07000131,Harborough,"4,851","2,358","6,614","5,151","5,714","5,800","6,080","6,755","7,675","7,684","6,537","5,611","5,862","4,579","5,549","79,611","81,969","86,820"
E07000037,High Peak,"4,268","2,013","6,470","5,309","6,089","5,763","5,622","5,998","7,527","7,900","6,954","5,585","5,686","4,093","4,800","77,796","79,809","84,077"
E07000132,Hinckley and Bosworth,"5,191","2,439","7,438","6,639","7,590","7,557","7,151","7,531","8,732","8,527","7,535","6,703","7,178","5,384","6,317","94,282","96,721","101,912"
E06000016,Leicester,"21,414","10,046","49,639","35,853","34,294","33,698","29,694","25,861","24,341","21,354","18,916","15,109","11,948","7,754","11,091","319,552","329,598","351,012"
E07000138,Lincoln,"4,313","2,022","16,721","9,096","8,618","7,586","6,633","6,017","6,354","6,268","5,259","4,239","4,063","2,952","4,065","87,871","89,893","94,206"
E07000174,Mansfield,"5,329","2,409","7,978","7,802","8,852","8,462","7,276","7,178","8,290","8,493","7,414","6,063","5,782","4,445","5,317","93,352","95,761","101,090"
E07000133,Melton,"2,417","1,105","3,344","2,793","3,042","2,940","3,136","3,259","4,182","4,512","3,724","3,339","3,479","2,516","3,054","43,320","44,425","46,842"
E07000175,Newark and Sherwood,"5,822","2,707","9,000","7,861","8,475","8,036","7,586","7,986","9,636","9,796","8,582","7,372","7,746","5,910","7,065","105,051","107,758","113,580"
E07000038,North East Derbyshire,"4,354","2,113","6,776","5,962","6,133","5,989","5,854","6,315","7,889","8,008","7,271","6,484","6,780","5,641","6,458","85,560","87,673","92,027"
E07000139,North Kesteven,"5,420","2,543","8,376","6,943","7,682","7,379","6,895","7,494","9,200","9,277","7,942","6,765","7,557","6,021","7,427","98,958","101,501","106,921"
E06000061,North Northamptonshire,"19,411","9,081","26,524","23,506","27,385","27,078","25,365","25,118","27,613","26,174","21,622","18,297","18,450","13,636","15,814","296,582","305,663","325,074"
E07000134,North West Leicestershire,"4,887","2,312","7,685","6,273","7,081","6,822","6,519","7,099","8,265","7,862","6,611","5,731","5,974","4,603","4,903","85,428","87,740","92,627"
E06000018,Nottingham,"16,223","7,567","67,410","33,874","32,858","28,398","22,807","20,221","19,980","18,876","15,123","11,563","10,122","7,185","10,281","298,698","306,265","322,488"
E07000135,Oadby and Wigston,"2,918","1,409","5,399","3,748","3,904","3,959","3,924","3,670","4,058","4,051","3,735","3,036","3,102","2,468","3,864","48,918","50,327","53,245"
E07000176,Rushcliffe,"5,916","2,739","9,335","6,732","7,466","7,910","8,343","8,273","8,979","8,862","7,569","6,511","6,891","5,353","7,204","99,428","102,167","108,083"
E06000017,Rutland,"2,354","1,412","2,978","2,223","2,442","2,390","2,448","2,495","3,002","2,987","2,777","2,478","2,805","2,226","2,856","34,107","35,519","37,873"
E07000039,South Derbyshire,"5,526","2,649","7,835","7,099","7,707","7,437","7,088","7,418","8,633","8,158","6,693","5,864","5,632","4,185","4,726","88,475","91,124","96,650"
E07000140,South Holland,"4,380","1,945","6,678","6,002","6,581","6,267","5,786","6,317","7,212","7,500","6,440","5,757","6,234","4,718","6,240","81,732","83,677","88,057"
E07000141,South Kesteven,"7,176","3,340","9,525","7,990","8,652","8,790","9,016","9,633","11,288","11,285","9,963","8,668","9,148","7,177","8,469","119,604","122,944","130,120"
E07000142,West Lindsey,"4,367","2,126","6,201","5,151","5,533","5,488","5,269","5,818","7,293","7,837","7,168","6,476","6,638","5,269","5,865","80,006","82,132","86,499"
E06000062,West Northamptonshire,"22,259","10,198","34,808","30,566","34,897","33,820","32,076","30,786","32,365","30,852","25,165","20,662","20,766","15,162","18,265","360,190","370,388","392,647"
E07000200,Babergh,"4,295","2,259","6,035","4,598","5,105","5,021","5,404","5,853","7,094","7,381","6,494","6,015","6,687","5,412","6,617","77,716","79,975","84,270"
E07000066,Basildon,"10,041","4,678","14,562","12,976","14,999","14,637","13,282","12,798","13,761","12,980","11,023","8,714","8,844","6,554","8,488","153,618","158,296","168,337"
E06000055,Bedford,"9,893","4,594","14,877","13,271","15,067","14,929","14,493","13,205","13,670","13,004","10,625","8,591","8,458","6,241","8,458","154,889","159,483","169,376"
E07000067,Braintree,"7,468","3,601","10,778","9,238","10,301","10,018","9,780","10,527","11,902","11,355","9,472","8,460","8,840","6,608","7,890","125,169","128,770","136,238"
E07000143,Breckland,"6,348","2,924","10,043","8,911","9,641","8,859","8,500","8,869","10,513","11,082","9,722","8,993","9,612","7,588","9,423","121,756","124,680","131,028"
E07000068,Brentwood,"3,706","1,889","5,450","4,978","5,519","5,558","5,443","5,346","5,769","5,892","4,848","3,947","3,910","3,164","4,701","64,525","66,414","70,120"
E07000144,Broadland,"5,784","2,793","8,501","6,879","7,624","7,731","7,979","8,668","10,206","10,324","9,082","8,315","9,144","7,193","9,702","111,348","114,141","119,925"
E07000095,Broxbourne,"5,134","2,339","7,892","6,578","7,558","7,751","7,319","6,949","7,547","7,151","5,806","4,492","4,493","3,625","5,052","82,213","84,552","89,686"
E07000008,Cambridge,"6,031","3,480","32,424","24,056","22,189","16,624","12,832","10,084","8,760","7,717","5,996","5,048","4,404","3,353","4,750","158,237","161,717","167,748"
E07000069,Castle Point,"4,174","2,040","6,660","5,343","5,622","5,499","5,317","5,537","6,743","6,784","5,997","5,366","6,394","5,086","6,093","76,441","78,481","82,655"
E06000056,Central Bedfordshire,"14,268","6,484","20,957","19,082","22,548","22,211","20,782","20,075","21,699","21,794","18,318","14,761","14,794","11,053","13,159","241,233","247,717","261,985"
E07000070,Chelmsford,"8,975","4,299","13,546","12,456","13,824","13,638","13,262","12,958","13,475","12,590","10,576","9,053","9,512","7,386","9,638","151,914","156,213","165,188"
E07000071,Colchester,"9,383","4,400","21,947","15,823","15,991","14,615","13,841","13,160","13,574","12,665","10,409","8,879","9,645","7,358","9,047","166,954","171,354","180,737"
E07000096,Dacorum,"7,973","3,680","11,147","10,025","12,081","12,405","12,214","11,598","11,565","11,392","9,476","7,677","7,109","5,358","7,570","129,617","133,297","141,270"
E07000009,East Cambridgeshire,"4,504","2,086","6,561","6,127","6,733","6,832","6,677","6,738","6,916","6,619","5,620","4,903","4,988","3,804","4,926","77,444","79,530","84,034"
E07000242,East Hertfordshire,"8,086","4,042","11,063","9,747","10,739","10,808","11,149","11,535","12,051","11,585","9,334","7,520","7,517","5,519","7,557","126,124","130,166","138,252"
E07000244,East Suffolk,"11,291","5,589","16,986","13,234","14,193","13,891","13,873","15,191","18,278","19,516","18,332","16,871","18,762","14,565","18,912","212,604","218,193","229,484"
E07000072,Epping Forest,"6,454","3,146","9,991","8,538","9,756","9,752","9,836","9,422","10,448","10,373","8,679","7,009","7,035","5,536","7,393","113,768","116,914","123,368"
E07000010,Fenland,"4,810","2,210","7,705","6,883","7,589","7,201","6,553","6,710","7,890","8,055","7,068","6,342","6,416","4,907","6,224","89,543","91,753","96,563"
E07000145,Great Yarmouth,"4,821","2,360","7,913","6,806","7,171","6,645","6,227","6,607","7,679","7,988","7,045","6,456","6,572","5,237","6,185","88,531","90,891","95,712"
E07000073,Harlow,"5,060","2,336","7,227","6,760","8,444","8,286","7,383","6,261","6,403","6,296","5,272","4,311","3,508","2,566","3,692","76,409","78,745","83,805"
E07000098,Hertsmere,"5,926","2,856","8,835","7,275","8,077","8,753","8,891","8,330","8,195","8,207","6,514","5,208","5,156","3,990","5,781","93,212","96,068","101,994"
E07000011,Huntingdonshire,"8,525","4,089","12,970","11,695","13,735","13,531","12,741","13,025","14,050","13,977","11,935","9,883","10,398","7,875","9,345","155,160","159,249","167,774"
E07000202,Ipswich,"7,630","3,664","11,752","10,902","12,646","12,464","11,341","10,006","9,965","9,288","7,680","6,532","6,137","4,456","6,391","119,560","123,224","130,854"
E07000146,King's Lynn and West Norfolk,"6,691","3,081","10,608","9,324","10,211","9,498","8,803","9,532","11,212","11,922","10,891","9,989","10,683","8,550","10,837","132,060","135,141","141,832"
E06000032,Luton,"14,340","6,726","23,542","19,999","21,763","21,595","19,536","16,317","15,351","13,783","10,937","8,417","6,844","5,130","7,587","190,801","197,527","211,867"
E07000074,Maldon,"2,855","1,469","4,706","3,596","3,760","3,560","3,665","4,238","5,410","5,522","4,939","4,327","4,661","3,675","4,238","56,297","57,766","60,621"
E07000203,Mid Suffolk,"4,647","2,366","7,189","5,865","6,293","6,057","5,955","6,537","7,806","8,459","7,585","6,808","7,300","5,542","6,626","88,022","90,388","95,035"
E07000099,North Hertfordshire,"6,607","3,149","9,033","8,016","9,435","9,787","10,219","10,026","9,971","9,848","8,129","6,665","6,788","5,239","7,588","110,744","113,893","120,500"
E07000147,North Norfolk,"3,982","2,024","6,157","4,946","5,034","4,957","4,861","5,731","7,296","8,347","8,754","8,381","9,395","7,351","9,530","90,740","92,764","96,746"
E07000148,Norwich,"6,069","2,856","23,578","14,980","14,326","12,507","10,662","9,308","9,013","8,303","6,871","6,054","5,819","4,240","5,881","131,542","134,398","140,467"
E06000031,Peterborough,"13,411","5,935","19,197","18,600","21,711","21,640","18,818","16,371","15,391","13,939","11,560","9,270","8,426","6,009","8,255","189,187","195,122","208,533"
E07000075,Rochford,"4,190","1,958","6,368","5,081","5,390","5,286","5,326","5,735","6,780","6,721","5,759","4,879","5,504","4,386","5,600","72,815","74,773","78,963"
E07000012,South Cambridgeshire,"8,865","4,113","11,338","9,676","11,575","12,374","13,176","12,725","12,647","11,912","9,794","8,390","8,586","6,810","8,920","137,923","142,036","150,901"
E07000149,South Norfolk,"6,817","3,268","9,028","7,791","8,684","9,073","8,886","9,444","10,513","10,709","9,629","8,578","9,366","7,482","9,470","118,653","121,921","128,738"
E06000033,Southend-on-Sea,"9,159","4,200","13,811","11,910","13,220","13,588","13,468","13,101","13,566","13,310","11,147","9,149","9,418","7,173","9,708","152,569","156,769","165,928"
E07000240,St Albans,"9,181","4,117","10,194","8,820","10,167","11,446","13,117","13,098","12,312","10,906","8,553","6,798","6,643","5,314","7,600","124,968","129,085","138,266"
E07000243,Stevenage,"4,485","2,102","6,938","6,756","8,055","7,656","6,739","5,976","6,552","6,690","5,304","3,940","3,535","2,608","3,750","74,499","76,601","81,086"
E07000076,Tendring,"6,526","3,062","9,971","7,864","8,460","7,535","7,653","8,445","10,618","11,629","11,259","10,644","11,982","9,653","12,119","127,832","130,894","137,420"
E07000102,Three Rivers,"5,240","2,526","7,079","5,660","6,339","7,062","7,843","7,625","7,567","7,257","5,809","4,614","4,562","3,543","4,908","79,868","82,394","87,634"
E06000034,Thurrock,"10,203","4,689","14,129","12,156","14,722","14,977","13,512","12,454","12,372","11,323","8,883","6,977","6,836","4,758","5,843","138,942","143,631","153,834"
E07000077,Uttlesford,"4,761","2,313","6,440","4,998","5,771","6,267","6,428","6,512","7,291","7,157","6,073","4,953","5,082","3,874","4,991","75,837","78,150","82,911"
E07000103,Watford,"5,474","2,488","8,388","8,526","10,293","10,477","9,632","8,344","7,539","6,463","5,088","3,894","3,413","2,579","3,665","88,301","90,789","96,263"
E07000241,Welwyn Hatfield,"5,854","2,711","14,427","10,089","9,724","9,555","9,061","8,002","8,286","8,076","6,660","5,075","4,690","3,711","5,646","103,002","105,713","111,567"
E07000245,West Suffolk,"7,821","3,871","12,076","11,103","12,693","12,118","11,663","11,418","12,921","12,661","10,778","9,307","10,164","8,043","10,366","145,311","149,182","157,003"
E09000002,Barking and Dagenham,"15,326","6,876","21,344","18,167","21,823","22,263","19,968","17,372","15,618","12,928","9,671","6,792","5,135","3,586","5,161","179,828","186,704","202,030"
E09000003,Barnet,"22,300","10,220","35,369","35,013","38,853","38,559","36,676","32,042","29,013","25,473","21,300","17,102","15,475","11,501","16,286","352,662","362,882","385,182"
E09000004,Bexley,"13,187","6,072","19,645","16,173","18,857","19,082","18,383","16,943","17,756","17,436","14,240","11,162","10,656","8,168","11,916","200,417","206,489","219,676"
E09000005,Brent,"18,994","9,270","40,922","40,416","43,786","41,463","36,037","30,164","27,708","24,154","19,343","14,259","10,695","7,711","11,164","347,822","357,092","376,086"
E09000006,Bromley,"16,939","8,024","23,370","20,783","25,039","27,336","27,645","25,723","25,461","24,201","19,469","15,229","15,757","11,922","17,197","279,132","287,156","304,095"
E09000007,Camden,"9,960","5,072","43,347","35,308","34,763","28,416","23,050","19,136","16,892","14,378","11,073","8,524","7,295","5,530","6,699","254,411","259,483","269,443"
E09000001,City of London,193,115,"1,704","1,770","1,541","1,132",814,737,686,628,503,401,345,240,293,"10,794","10,909","11,102"
E09000008,Croydon,"21,838","10,856","35,793","32,686","38,648","38,082","34,519","30,492","30,224","29,047","22,727","16,796","14,589","10,581","15,022","349,206","360,062","381,900"
E09000009,Ealing,"21,298","9,828","39,026","37,342","42,898","42,664","39,907","33,904","29,635","25,665","20,069","15,406","12,405","8,669","12,148","359,738","369,566","390,864"
E09000010,Enfield,"20,606","9,825","30,923","25,596","28,650","29,095","28,891","26,091","25,351","23,490","18,823","14,070","11,809","8,841","13,134","284,764","294,589","315,195"
E09000011,Greenwich,"14,980","6,729","27,995","28,386","33,376","31,277","27,106","22,216","20,646","17,877","13,888","10,164","8,363","5,994","7,388","254,676","261,405","276,385"
E09000012,Hackney,"13,859","6,465","29,214","39,728","45,058","35,097","26,464","20,304","17,842","16,135","11,916","8,256","5,987","3,826","4,976","264,803","271,268","285,127"
E09000013,Hammersmith and Fulham,"8,451","4,058","25,047","31,910","31,936","26,511","21,150","17,023","15,059","12,656","9,171","6,812","5,719","4,064","5,288","212,346","216,404","224,855"
E09000014,Haringey,"14,016","6,643","26,802","31,257","36,061","32,455","28,181","24,184","22,163","19,363","14,074","10,190","7,764","5,391","7,189","265,074","271,717","285,733"
E09000015,Harrow,"14,841","6,954","24,534","23,530","26,446","26,895","24,566","20,143","18,525","17,276","15,105","12,650","10,559","7,901","11,693","239,823","246,777","261,618"
E09000016,Havering,"13,020","6,266","20,569","18,195","20,689","20,723","18,804","17,212","18,043","17,888","15,591","12,299","12,304","9,177","13,259","214,753","221,019","234,039"
E09000017,Hillingdon,"17,040","7,925","31,812","26,550","29,761","30,720","28,482","23,780","22,649","20,534","16,479","12,842","10,812","8,078","12,033","274,532","282,457","299,497"
E09000018,Hounslow,"16,711","7,540","27,310","26,691","33,810","35,999","31,971","25,555","22,195","18,968","15,215","11,814","9,619","6,681","8,713","274,541","282,081","298,792"
E09000019,Islington,"8,477","4,038","31,945","39,200","40,893","29,964","21,207","16,288","15,021","13,858","10,128","7,348","6,023","4,047","5,176","241,098","245,136","253,613"
E09000020,Kensington and Chelsea,"6,731","3,312","19,584","19,609","20,379","18,282","16,545","15,662","14,685","13,280","9,829","7,242","6,347","4,857","5,947","172,248","175,560","182,291"
E09000021,Kingston upon Thames,"9,269","4,374","17,362","15,296","15,841","16,161","16,504","15,122","13,665","11,694","9,125","7,315","6,901","5,011","6,590","156,587","160,961","170,230"
E09000022,Lambeth,"13,877","6,736","40,176","55,272","52,283","39,957","32,550","26,569","24,949","22,405","16,091","10,790","7,854","5,224","7,357","341,477","348,213","362,090"
E09000023,Lewisham,"14,898","6,990","28,505","31,946","36,922","33,957","28,902","24,187","22,593","21,068","15,242","10,227","7,743","5,566","7,943","274,801","281,791","296,689"
E09000024,Merton,"12,059","5,361","18,321","20,671","24,474","25,013","23,568","19,756","17,133","14,821","11,614","8,886","7,613","5,255","7,797","204,922","210,283","222,342"
E09000025,Newham,"20,787","9,661","46,066","50,069","53,376","47,618","37,044","28,944","24,754","20,201","15,363","10,674","7,031","4,411","5,931","351,482","361,143","381,930"
E09000026,Redbridge,"18,434","8,749","29,797","26,660","32,174","33,164","29,625","24,198","21,531","18,858","15,702","12,303","10,224","7,152","10,529","271,917","280,666","299,100"
E09000027,Richmond upon Thames,"11,559","5,162","15,193","13,183","15,337","17,400","20,164","19,560","17,818","15,654","11,822","9,185","9,157","6,718","8,374","179,565","184,727","196,286"
E09000028,Southwark,"14,093","6,700","39,939","47,836","48,015","37,922","30,486","25,760","23,983","21,473","15,792","10,164","7,373","4,948","6,777","320,468","327,168","341,261"
E09000029,Sutton,"11,719","5,222","15,345","13,766","16,113","18,214","19,033","16,693","15,455","14,632","11,261","9,065","8,365","6,343","8,793","173,078","178,300","190,019"
E09000030,Tower Hamlets,"14,680","6,987","49,421","60,272","58,451","43,563","30,702","21,423","16,296","12,728","10,005","7,051","4,808","3,130","4,552","322,402","329,389","344,069"
E09000031,Waltham Forest,"14,559","6,811","24,714","26,774","34,655","33,614","28,280","23,083","21,012","17,840","13,607","9,830","7,600","5,543","7,635","254,187","260,998","275,557"
E09000032,Wandsworth,"14,268","6,152","33,389","55,621","53,808","43,660","36,568","28,811","23,452","19,660","14,234","10,482","9,074","6,425","8,626","343,810","349,962","364,230"
E09000033,Westminster,"8,904","4,564","33,288","34,861","35,144","29,416","25,044","21,823","19,728","17,019","12,722","9,337","7,711","5,641","7,174","258,908","263,472","272,376"
E06000047,County Durham,"23,972","11,591","54,582","34,369","35,129","33,477","31,712","32,469","39,324","40,793","36,188","31,418","30,708","22,287","27,498","449,954","461,545","485,517"
E06000005,Darlington,"5,440","2,600","8,202","6,952","7,636","7,360","7,206","7,214","8,226","8,265","7,304","6,162","6,081","4,385","5,898","90,891","93,491","98,931"
E08000037,Gateshead,"8,935","4,655","16,664","14,034","14,762","14,411","12,983","12,581","14,349","14,750","13,054","10,837","10,728","7,586","10,902","167,641","172,296","181,231"
E06000001,Hartlepool,"4,856","2,287","7,523","6,124","6,595","6,291","5,689","5,710","6,948","7,374","6,601","5,364","5,123","3,389","4,646","77,377","79,664","84,520"
E06000002,Middlesbrough,"8,151","3,867","14,629","13,314","13,198","12,029","9,791","9,036","9,530","10,003","9,201","7,521","6,490","4,442","6,069","125,253","129,120","137,271"
E08000021,Newcastle upon Tyne,"13,543","6,170","48,931","34,726","30,551","25,482","20,671","18,263","18,306","18,417","16,339","13,188","11,983","8,180","11,972","277,009","283,179","296,722"
E08000022,North Tyneside,"9,766","4,591","14,257","12,748","14,891","15,232","14,732","13,986","15,180","15,679","14,030","12,467","11,811","8,221","10,873","174,107","178,698","188,464"
E06000057,Northumberland,"14,038","6,856","21,909","17,407","18,791","18,787","18,525","19,981","23,973","26,448","25,370","22,868","23,205","16,444","20,126","273,834","280,690","294,728"
E06000003,Redcar and Cleveland,"6,518","3,081","9,869","8,173","8,730","8,517","7,847","8,270","10,249","11,081","9,943","8,509","8,611","6,467","8,225","114,491","117,572","124,090"
E08000023,South Tyneside,"6,962","3,244","11,025","9,983","11,369","10,848","9,837","9,580","11,209","11,833","10,903","9,032","8,419","5,811","7,996","127,845","131,089","138,051"
E06000004,Stockton-on-Tees,"10,327","4,694","15,530","13,376","14,411","14,160","12,973","12,560","14,355","14,570","13,166","11,042","10,346","7,081","9,095","162,665","167,359","177,686"
E08000024,Sunderland,"13,110","6,145","22,502","19,754","21,215","19,685","17,777","17,769","20,856","20,962","19,437","16,424","15,608","10,642","14,258","236,889","243,034","256,144"
E07000026,Allerdale,"4,404","2,012","6,536","5,486","5,728","5,495","5,351","5,995","7,713","8,010","7,293","6,328","6,815","4,659","6,253","81,662","83,674","88,078"
E07000027,Barrow-in-Furness,"3,070","1,513","5,232","4,612","4,748","4,234","3,772","4,196","5,246","5,346","4,621","3,877","4,058","3,066","3,640","56,648","58,161","61,231"
E06000008,Blackburn with Darwen,"9,873","4,602","14,820","11,375","12,248","12,567","11,391","10,828","11,166","9,965","8,451","7,055","6,286","4,164","5,399","125,715","130,317","140,190"
E06000009,Blackpool,"6,756","3,443","11,270","9,639","11,047","10,120","8,905","9,365","11,395","11,900","9,960","8,079","7,924","6,024","7,725","123,353","126,796","133,552"
E08000001,Bolton,"17,573","8,163","26,028","20,377","23,141","22,730","20,499","20,200","21,772","20,382","16,994","14,304","14,320","10,475","12,501","243,723","251,886","269,459"
E07000117,Burnley,"5,125","2,397","7,556","6,541","7,232","6,878","6,075","6,063","6,692","6,516","5,823","4,812","4,797","3,372","3,919","76,276","78,673","83,798"
E08000002,Bury,"10,539","4,910","15,326","12,907","14,898","14,899","13,482","13,222","14,251","14,339","11,805","9,778","9,992","7,340","9,050","161,289","166,199","176,738"
E07000028,Carlisle,"4,991","2,399","7,630","6,936","7,461","7,341","6,683","7,019","8,057","8,514","7,904","6,579","6,535","4,680","6,354","91,693","94,092","99,083"
E06000049,Cheshire East,"18,817","8,958","26,932","23,683","26,826","26,923","26,022","27,422","31,516","31,832","26,961","22,941","24,436","18,747","24,252","338,493","347,451","366,268"
E06000050,Cheshire West and Chester,"16,601","7,946","27,041","22,749","24,759","24,432","22,799","23,776","27,248","27,856","23,842","20,288","20,781","15,527","20,273","301,371","309,317","325,918"
E07000118,Chorley,"5,639","2,658","7,979","6,858","8,077","8,162","7,799","8,143","9,312","9,015","7,612","6,538","6,940","5,066","5,747","97,248","99,906","105,545"
E07000029,Copeland,"2,945","1,396","4,551","3,990","4,261","4,122","3,677","4,177","5,185","5,841","5,230","4,433","4,350","3,030","3,889","56,736","58,132","61,077"
E07000030,Eden,"2,245","1,092","3,343","2,754","2,934","2,859","2,882","3,265","4,289","4,764","4,458","3,802","3,982","2,846","3,657","45,835","46,927","49,172"
E07000119,Fylde,"3,341","1,737","5,162","4,185","4,772","4,899","4,570","4,850","6,221","6,920","6,559","5,725","6,012","4,871","6,338","71,084","72,821","76,162"
E06000006,Halton,"6,745","3,192","10,438","8,900","9,674","9,597","8,752","8,952","9,725","9,586","8,507","7,426","7,260","4,466","5,289","108,572","111,764","118,509"
E07000120,Hyndburn,"4,368","2,177","6,813","5,724","6,104","5,734","5,202","5,356","6,179","5,786","4,945","4,182","4,261","3,083","3,663","67,032","69,209","73,577"
E08000011,Knowsley,"7,816","3,728","12,943","11,765","13,224","11,937","9,882","9,655","11,483","12,658","11,198","8,672","7,073","4,541","6,558","131,589","135,317","143,133"
E07000121,Lancaster,"6,418","3,091","22,400","12,008","10,287","9,865","8,886","8,614","10,079","10,492","9,455","8,012","8,104","6,017","7,877","132,096","135,187","141,605"
E08000012,Liverpool,"22,394","10,565","70,043","50,396","48,044","42,397","35,036","31,138","33,070","33,886","30,192","23,928","20,516","13,829","18,466","450,941","461,506","483,900"
E08000003,Manchester,"32,486","14,897","91,212","70,264","63,594","56,568","47,957","39,746","36,287","31,537","24,747","18,619","14,741","9,846","12,917","518,035","532,932","565,418"
E08000004,Oldham,"14,640","6,923","21,746","16,787","18,659","18,152","16,721","15,862","17,064","15,969","13,372","11,242","10,709","7,854","9,514","193,651","200,574","215,214"
E07000122,Pendle,"5,612","2,611","7,963","6,382","7,365","7,293","6,583","6,288","6,685","6,417","5,919","5,029","5,035","3,452","4,183","78,594","81,205","86,817"
E07000123,Preston,"7,918","3,757","18,663","13,702","13,085","12,020","10,601","10,016","10,336","9,948","8,266","6,495","5,860","4,128","5,833","128,953","132,710","140,628"
E07000124,Ribble Valley,"3,123","1,602","4,442","3,191","3,601","3,522","3,581","4,014","5,201","5,353","4,814","3,922","4,018","3,173","3,964","52,796","54,398","57,521"
E08000005,Rochdale,"13,102","6,126","18,902","15,596","18,063","17,497","16,035","15,185","16,308","15,519","13,362","11,258","10,524","7,239","8,818","184,306","190,432","203,534"
E07000125,Rossendale,"3,698","1,694","5,136","4,311","4,974","4,783","4,673","4,873","5,627","5,442","4,601","3,950","3,934","2,664","3,076","58,044","59,738","63,436"
E08000006,Salford,"13,496","6,042","30,203","29,568","28,986","24,756","19,744","16,940","17,260","16,319","13,709","10,303","10,165","7,194","9,405","234,552","240,594","254,090"
E08000014,Sefton,"12,519","6,040","20,107","16,654","19,289","18,640","17,015","17,358","20,807","22,520","20,564","17,242","16,654","12,627","18,424","237,901","243,941","256,460"
E07000031,South Lakeland,"4,603","2,422","6,873","5,669","6,001","5,927","5,922","6,445","8,207","8,993","8,280","7,255","7,940","6,034","7,969","91,515","93,937","98,540"
E07000126,South Ribble,"5,347","2,507","7,799","6,423","7,572","7,156","6,977","7,541","8,674","8,885","7,340","6,437","6,719","4,968","6,158","92,649","95,156","100,503"
E08000013,St. Helens,"8,638","4,072","13,657","12,070","13,323","12,649","11,433","12,119","14,030","13,771","11,914","10,090","10,481","7,749","9,437","152,723","156,795","165,433"
E08000007,Stockport,"14,729","6,844","20,394","18,544","22,448","22,548","21,454","20,250","21,764","21,451","18,538","15,788","15,833","12,069","16,650","247,731","254,575","269,304"
E08000008,Tameside,"12,031","5,528","18,062","16,296","18,485","17,496","15,532","15,469","17,649","17,348","14,545","11,547","11,695","8,263","9,653","192,040","197,568","209,599"
E08000009,Trafford,"13,500","6,078","17,325","14,580","17,308","19,697","19,607","17,911","17,911","17,040","14,021","11,255","10,997","8,312","11,825","197,789","203,867","217,367"
E06000007,Warrington,"10,668","5,063","16,174","13,861","15,608","16,059","15,385","15,208","16,985","16,805","13,632","11,001","10,936","8,465","10,516","180,635","185,698","196,366"
E07000127,West Lancashire,"5,452","2,636","10,509","6,683","7,038","7,035","6,538","7,261","8,877","9,365","7,978","6,870","7,023","5,407","6,670","97,254","99,890","105,342"
E08000010,Wigan,"15,932","7,484","24,933","21,637","24,449","23,351","20,929","21,699","25,947","24,186","20,418","17,112","18,229","13,777","14,896","271,563","279,047","294,979"
E08000015,Wirral,"15,881","7,641","23,486","19,765","22,308","21,489","20,056","20,847","23,984","24,969","22,581","19,428","19,247","13,919","18,849","270,928","278,569","294,450"
E07000128,Wyre,"5,050","2,579","7,386","5,894","6,524","6,343","6,089","6,562","8,233","9,251","8,665","7,897","8,509","6,457","8,536","96,346","98,925","103,975"
E07000223,Adur,"3,082","1,463","4,101","3,460","4,006","4,181","4,401","4,521","4,863","4,741","4,126","3,665","4,034","3,229","4,419","53,747","55,210","58,292"
E07000224,Arun,"6,840","3,191","10,831","9,089","10,435","9,986","9,543","9,767","11,955","12,686","11,621","10,954","12,481","10,167","13,639","143,154","146,345","153,185"
E07000105,Ashford,"7,205","3,440","10,246","8,599","9,784","9,229","8,940","9,001","10,365","9,742","8,057","6,907","7,285","5,728","6,657","110,540","113,980","121,185"
E07000084,Basingstoke and Deane,"8,878","4,017","13,420","12,358","14,642","14,423","13,804","13,378","14,161","13,543","10,920","8,818","8,987","6,714","8,164","153,332","157,349","166,227"
E06000036,Bracknell Forest,"7,037","3,422","9,654","8,574","9,948","10,291","10,060","9,479","9,470","8,824","7,375","5,754","5,111","3,742","4,885","103,167","106,589","113,626"
E06000043,Brighton and Hove,"12,355","6,420","40,148","28,847","29,112","25,611","24,017","23,303","23,129","20,583","15,121","11,791","10,743","7,740","10,797","270,942","277,362","289,717"
E06000060,Buckinghamshire,"29,746","14,218","40,419","33,085","37,459","39,329","40,979","40,149","42,224","40,964","34,239","27,671","27,032","21,401","29,247","454,198","468,416","498,162"
E07000106,Canterbury,"7,700","4,179","24,107","12,619","10,869","9,989","9,559","9,714","10,608","10,888","9,726","8,862","9,457","7,264","9,343","143,005","147,184","154,884"
E07000177,Cherwell,"8,080","3,836","12,144","11,830","13,777","13,755","12,381","11,429","12,133","11,994","9,654","7,854","7,774","5,708","7,655","138,088","141,924","150,004"
E07000225,Chichester,"5,365","2,527","9,895","7,190","7,725","7,223","7,161","7,767","8,915","9,908","9,330","8,312","8,804","7,207","9,878","109,315","111,842","117,207"
E07000226,Crawley,"6,144","2,837","9,343","8,917","11,128","11,030","10,116","8,397","8,241","7,543","6,440","4,954","4,230","2,821","4,117","97,277","100,114","106,258"
E07000107,Dartford,"6,569","2,812","7,994","7,672","9,778","10,184","9,317","8,063","7,979","7,318","5,854","4,523","4,357","3,150","4,437","90,626","93,438","100,007"
E07000108,Dover,"5,766","2,811","8,285","6,884","7,359","6,948","6,683","6,914","8,318","9,219","8,365","7,525","7,602","5,862","7,026","96,990","99,801","105,567"
E07000085,East Hampshire,"6,137","3,108","8,410","6,731","7,248","7,345","7,806","8,553","9,804","10,132","9,054","7,507","7,715","6,172","8,139","104,616","107,724","113,861"
E07000061,Eastbourne,"4,943","2,397","7,904","6,361","6,903","6,792","6,665","6,621","7,410","7,655","6,807","6,026","6,602","5,151","7,686","88,583","90,980","95,923"
E07000086,Eastleigh,"6,731","3,062","9,183","8,360","9,902","9,648","9,479","9,080","9,812","9,604","8,444","7,214","7,030","5,407","7,391","110,554","113,616","120,347"
E07000207,Elmbridge,"8,666","4,052","10,313","7,774","8,967","10,547","12,627","12,838","12,158","10,960","8,698","6,722","6,537","5,168","7,666","120,975","125,027","133,693"
E07000208,Epsom and Ewell,"4,462","2,178","6,429","4,852","5,441","6,226","6,906","6,634","6,237","5,855","4,729","3,832","3,986","3,083","4,220","68,430","70,608","75,070"
E07000087,Fareham,"5,069","2,604","8,345","6,330","7,214","7,127","6,881","7,408","8,650","9,158","8,203","6,765","7,302","6,031","8,161","97,575","100,179","105,248"
E07000112,Folkestone and Hythe,"5,190","2,409","8,092","6,371","6,849","6,584","6,738","6,871","8,257","8,804","7,884","6,980","7,751","5,887","7,141","94,209","96,618","101,808"
E07000088,Gosport,"3,966","1,867","6,389","5,090","5,393","5,373","4,886","4,979","5,879","6,264","5,638","4,637","4,845","3,641","4,694","67,708","69,575","73,541"
E07000109,Gravesham,"6,131","2,833","8,838","7,370","8,530","8,591","7,844","7,306","7,944","7,559","6,144","5,032","4,936","3,789","5,152","89,035","91,868","97,999"
E07000209,Guildford,"6,997","3,475","18,101","10,794","10,606","10,268","10,462","10,616","10,411","10,250","8,295","6,726","6,686","5,130","7,273","125,618","129,093","136,090"
E07000089,Hart,"5,108","2,599","7,477","5,643","6,498","6,845","7,210","7,745","7,756","7,538","5,965","4,823","5,248","4,292","5,619","82,659","85,258","90,366"
E07000062,Hastings,"4,429","2,133","6,717","5,850","6,747","6,475","6,026","6,115","7,246","7,409","6,187","5,350","5,223","3,665","4,457","77,467","79,600","84,029"
E07000090,Havant,"5,689","2,749","8,761","7,272","8,117","7,710","6,987","7,280","9,130","9,706","8,999","7,645","7,824","6,316","8,625","104,372","107,121","112,810"
E07000227,Horsham,"7,643","3,775","9,995","8,117","9,192","9,388","9,669","10,006","11,403","11,824","10,239","8,579","8,951","7,078","9,511","123,952","127,727","135,370"
E06000046,Isle of Wight,"5,890","2,903","8,900","7,382","8,041","7,583","7,619","8,214","10,644","11,682","10,945","10,623","11,131","9,041","10,561","122,366","125,269","131,159"
E07000063,Lewes,"4,718","2,312","6,943","5,123","5,941","5,973","6,069","6,617","7,815","7,890","7,077","6,604","7,029","5,560","7,621","86,262","88,574","93,292"
E07000110,Maidstone,"8,643","3,997","12,671","11,560","13,462","13,129","12,289","12,088","12,876","12,529","10,408","8,754","9,238","6,989","9,022","145,015","149,012","157,655"
E06000035,Medway,"15,115","7,246","23,285","19,428","22,347","21,411","19,961","18,583","19,847","19,482","16,419","13,312","13,025","9,414","11,156","227,670","234,916","250,031"
E07000228,Mid Sussex,"7,945","3,828","10,101","8,138","9,979","10,635","11,033","11,280","11,800","11,030","9,280","8,080","8,249","6,753","8,929","125,287","129,115","137,060"
E06000042,Milton Keynes,"16,790","7,539","22,655","20,524","25,147","26,385","25,487","22,496","20,788","18,386","15,480","12,840","11,413","7,645","8,970","238,216","245,755","262,545"
E07000210,Mole Valley,"4,440","2,222","6,556","4,845","4,996","5,403","6,101","6,563","7,227","7,392","6,270","5,332","5,246","4,448","6,265","76,644","78,866","83,306"
E07000091,New Forest,"7,576","3,637","11,221","8,728","9,524","9,430","9,759","10,616","13,092","14,626","13,465","12,267","13,660","10,962","15,331","152,681","156,318","163,894"
E07000178,Oxford,"7,873","5,395","42,912","24,545","21,054","16,603","13,358","11,007","10,155","9,298","7,243","5,737","5,148","3,821","5,384","176,265","181,660","189,533"
E06000044,Portsmouth,"9,611","4,503","27,597","20,930","20,334","18,890","15,414","13,896","14,588","13,881","11,261","8,882","8,282","6,222","8,241","188,418","192,921","202,532"
E06000038,Reading,"8,882","3,958","20,502","17,524","19,739","18,884","16,423","13,628","12,015","10,572","8,313","6,292","5,586","4,233","5,840","159,551","163,509","172,391"
E07000211,Reigate and Banstead,"8,065","3,607","10,495","9,451","11,717","12,164","12,246","11,347","11,297","11,055","8,973","7,001","7,223","5,453","7,824","126,246","129,853","137,918"
E07000064,Rother,"4,062","1,918","5,978","4,556","4,755","4,492","4,608","5,266","6,754","7,803","7,388","7,129","8,213","6,627","8,778","82,347","84,265","88,327"
E07000212,Runnymede,"4,228","2,003","10,751","6,538","6,481","6,502","6,420","6,475","6,441","6,364","5,196","4,048","3,870","3,163","4,622","76,871","78,874","83,102"
E07000092,Rushmoor,"4,434","2,217","8,111","7,955","9,498","8,681","7,604","6,959","7,308","7,011","5,420","4,251","4,263","3,295","3,845","84,201","86,418","90,852"
E07000111,Sevenoaks,"6,692","3,204","8,114","6,346","7,233","7,924","8,278","8,558","9,194","9,143","7,621","6,546","6,907","5,519","7,407","98,790","101,994","108,686"
E06000039,Slough,"10,549","4,413","13,857","12,255","15,303","17,176","15,676","12,599","10,609","8,863","7,342","5,604","4,129","2,624","3,990","130,027","134,440","144,989"
E07000179,South Oxfordshire,"7,326","3,500","10,361","9,144","10,545","10,587","10,435","10,739","11,765","11,519","9,444","7,906","7,967","6,633","8,730","125,775","129,275","136,601"
E06000045,Southampton,"11,464","5,156","37,696","26,742","25,337","22,774","19,900","16,911","15,544","14,889","12,673","10,161","9,144","6,880","8,923","227,574","232,730","244,194"
E07000213,Spelthorne,"5,031","2,330","7,498","6,949","8,521","8,620","8,396","7,549","7,905","7,869","6,264","4,911","4,751","3,847","5,683","88,763","91,093","96,124"
E07000214,Surrey Heath,"4,792","2,291","6,766","5,518","6,205","6,284","6,672","6,933","7,270","7,126","5,755","4,627","4,580","3,757","5,365","76,858","79,149","83,941"
E07000113,Swale,"7,783","3,522","11,944","10,255","11,553","11,026","10,072","9,851","11,078","11,300","9,377","7,839","8,375","6,051","6,999","125,720","129,242","137,025"
E07000215,Tandridge,"4,631","2,224","6,333","4,692","5,556","5,916","6,176","6,263","6,954","6,883","5,804","4,800","4,840","3,823","5,266","73,306","75,530","80,161"
E07000093,Test Valley,"5,986","2,857","8,908","7,895","8,919","8,896","8,634","8,989","9,872","10,053","8,576","6,995","7,518","5,980","7,485","108,720","111,577","117,563"
E07000114,Thanet,"7,224","3,300","10,340","8,464","9,490","9,193","8,723","8,859","10,064","10,337","9,513","8,739","9,310","7,124","8,659","118,815","122,115","129,339"
E07000115,Tonbridge and Malling,"7,228","3,413","9,204","7,534","8,712","8,724","9,173","9,614","10,091","9,778","7,950","6,464","6,813","5,416","6,922","106,395","109,808","117,036"
E07000116,Tunbridge Wells,"6,939","3,221","8,137","6,649","7,833","8,212","8,490","8,848","9,226","8,652","6,978","5,734","5,994","4,773","6,602","96,128","99,349","106,288"
E07000180,Vale of White Horse,"7,307","3,467","9,538","8,895","10,489","10,674","10,143","9,808","10,355","10,166","8,782","7,219","7,440","5,649","7,816","116,974","120,441","127,748"
E07000216,Waverley,"7,336","4,003","9,784","6,505","7,404","8,394","9,200","9,972","10,356","9,542","8,151","6,825","7,131","6,036","8,708","108,008","112,011","119,347"
E07000065,Wealden,"7,599","3,914","10,872","8,019","8,884","8,746","8,867","10,173","12,284","13,258","11,922","10,579","11,515","9,328","11,560","136,007","139,921","147,520"
E06000037,West Berkshire,"8,879","4,289","11,563","9,329","10,765","11,161","11,395","11,985","13,151","12,206","10,376","8,653","8,636","6,624","8,045","133,889","138,178","147,057"
E07000181,West Oxfordshire,"5,543","2,568","8,288","7,351","8,152","7,894","7,884","7,859","8,737","8,822","7,536","6,355","6,637","5,187","7,021","97,723","100,291","105,834"
E07000094,Winchester,"6,451","3,486","13,814","7,854","8,109","8,312","8,659","8,876","9,450","9,340","8,062","6,770","6,992","5,569","7,794","109,601","113,087","119,538"
E06000040,Windsor and Maidenhead,"9,174","4,270","11,039","9,087","10,785","11,852","12,651","12,409","12,455","11,483","9,465","7,467","7,382","5,881","8,271","130,227","134,497","143,671"
E07000217,Woking,"5,737","2,539","7,703","7,314","8,551","9,226","9,431","8,630","7,863","7,266","5,881","4,787","4,623","3,420","5,155","89,850","92,389","98,126"
E06000041,Wokingham,"10,020","4,562","13,443","10,351","11,842","13,700","15,210","14,471","13,423","12,483","10,385","8,118","8,216","6,418","8,619","146,679","151,241","161,261"
E07000229,Worthing,"5,064","2,429","7,664","6,653","7,698","7,668","7,644","7,788","8,479","8,312","6,982","5,971","6,521","5,172","7,500","94,052","96,481","101,545"
E06000022,Bath and North East Somerset,"8,940","4,329","26,508","14,973","13,737","12,349","12,006","12,155","13,427","13,385","11,454","9,818","10,017","7,762","10,952","168,543","172,872","181,812"
E06000058,"Bournemouth, Christchurch and Poole","17,723","8,292","38,116","28,147","31,325","31,037","29,445","27,339","29,048","28,685","24,978","21,696","22,879","18,055","25,925","356,675","364,967","382,690"
E06000023,"Bristol, City of","21,514","9,897","63,406","52,115","52,711","45,715","37,479","31,175","29,293","27,530","22,336","17,924","16,497","11,918","16,508","424,607","434,504","456,018"
E07000078,Cheltenham,"6,031","2,957","11,175","8,966","9,230","9,210","8,291","7,818","8,230","8,460","7,113","5,907","5,931","4,641","6,955","101,927","104,884","110,915"
E06000052,Cornwall,"25,549","12,180","43,543","32,465","35,569","34,095","33,802","36,153","42,445","45,323","41,797","38,165","40,307","30,765","36,431","490,860","503,040","528,589"
E07000079,Cotswold,"4,035","1,968","6,518","4,778","5,057","5,242","5,425","5,965","7,146","7,673","6,810","6,163","6,318","5,098","6,531","78,724","80,692","84,727"
E06000059,Dorset,"17,448","8,770","25,092","18,889","20,601","20,155","20,434","22,284","27,847","30,977","29,992","27,651","30,377","23,991","31,716","330,006","338,776","356,224"
E07000040,East Devon,"6,338","3,043","9,624","7,463","8,065","8,040","8,063","8,789","10,684","11,201","10,778","10,554","11,767","9,759","13,422","128,209","131,252","137,590"
E07000041,Exeter,"5,188","2,542","27,506","12,262","10,640","9,779","8,446","7,877","8,163","7,738","6,535","5,690","5,725","4,370","6,292","121,023","123,565","128,753"
E07000080,Forest of Dean,"3,692","2,111","6,652","4,773","5,122","4,824","4,524","5,193","6,698","7,206","6,407","5,859","6,059","4,599","5,526","73,442","75,553","79,245"
E07000081,Gloucester,"6,782","3,103","11,369","9,505","10,490","9,911","8,922","8,421","9,554","9,248","7,870","6,143","5,808","4,610","5,978","107,829","110,932","117,714"
E06000053,Isles of Scilly,95,27,218,192,163,173,166,130,170,182,133,122,141,134,163,"2,087","2,114","2,209"
E07000187,Mendip,"6,328","3,352","8,096","6,415","7,134","7,115","7,137","7,810","9,561","9,684","8,339","7,415","7,680","5,796","7,337","99,519","102,871","109,199"
E07000042,Mid Devon,"4,265","1,997","5,768","4,549","4,902","5,076","4,890","5,294","6,314","6,606","5,896","5,320","5,466","4,213","5,231","69,525","71,522","75,787"
E07000043,North Devon,"4,688","2,295","6,861","5,851","6,108","5,707","5,794","6,246","7,548","8,145","7,552","6,522","6,955","5,542","6,915","85,746","88,041","92,729"
E06000024,North Somerset,"10,561","4,971","14,941","12,153","13,874","14,485","14,474","14,769","16,307","16,509","14,173","12,833","13,892","11,281","14,697","184,388","189,359","199,920"
E06000026,Plymouth,"12,350","5,732","29,839","21,717","21,134","19,388","17,181","16,515","18,293","18,198","16,032","13,356","13,239","10,177","13,071","228,140","233,872","246,222"
E07000188,Sedgemoor,"5,850","2,771","8,921","7,373","8,196","7,801","7,340","7,805","9,558","10,027","8,798","7,823","8,315","6,233","7,873","106,063","108,834","114,684"
E07000246,Somerset West and Taunton,"7,464","3,834","10,763","9,319","10,354","10,086","9,363","9,709","11,414","12,139","11,188","10,371","10,738","8,470","11,425","135,339","139,173","146,637"
E06000025,South Gloucestershire,"13,654","6,518","27,981","22,168","22,750","21,900","20,132","19,199","21,231","20,785","16,809","13,916","14,269","11,717","15,377","248,234","254,752","268,406"
E07000044,South Hams,"3,914","1,888","5,638","4,221","4,706","4,786","4,951","5,330","6,648","7,606","7,345","6,588","6,900","5,304","6,366","76,389","78,277","82,191"
E07000189,South Somerset,"7,974","3,824","12,462","10,113","11,047","10,348","9,801","10,719","12,704","13,513","12,220","11,198","12,174","9,364","11,686","147,349","151,173","159,147"
E07000082,Stroud,"5,928","2,815","8,239","6,625","7,304","7,289","7,520","8,306","9,650","9,678","8,732","7,541","7,867","5,762","7,460","101,973","104,788","110,716"
E06000030,Swindon,"12,019","5,462","17,274","15,927","18,910","19,022","17,529","16,940","17,256","16,690","13,809","10,963","10,011","7,300","9,743","191,374","196,836","208,855"
E07000045,Teignbridge,"5,836","2,809","8,734","7,087","7,882","7,844","7,695","8,200","10,184","11,220","10,304","9,576","9,962","7,830","9,738","116,256","119,065","124,901"
E07000083,Tewkesbury,"4,499","2,092","6,399","5,758","6,783","6,428","6,249","6,112","6,845","7,237","6,236","5,590","5,713","4,561","5,795","79,706","81,798","86,297"
E06000027,Torbay,"6,120","3,062","9,391","7,799","8,528","7,985","7,736","8,448","10,457","11,184","10,172","9,363","9,806","7,890","10,251","119,010","122,072","128,192"
E07000046,Torridge,"2,950","1,407","4,489","3,373","3,661","3,475","3,601","3,988","5,270","5,749","5,672","5,123","5,484","4,099","4,863","58,847","60,254","63,204"
E07000047,West Devon,"2,625","1,316","3,461","2,553","2,913","2,906","3,025","3,399","4,344","4,934","4,671","4,239","4,450","3,429","4,249","48,573","49,889","52,514"
E06000054,Wiltshire,"24,881","12,268","39,617","31,849","34,209","33,269","31,848","34,057","38,565","39,409","34,386","29,484","30,042","23,481","30,335","430,551","442,819","467,700"
E08000025,Birmingham,"72,255","34,145","135,633","103,991","108,130","102,978","92,086","80,282","78,262","69,691","57,714","45,376","38,774","29,320","42,343","984,580","1,018,725","1,090,980"
E07000234,Bromsgrove,"5,020","2,543","6,833","5,553","6,173","6,320","6,335","6,789","7,758","7,690","6,498","5,779","5,756","4,801","6,475","82,760","85,303","90,323"
E07000192,Cannock Chase,"4,597","2,180","7,241","6,603","7,265","6,652","5,907","6,428","7,945","7,782","6,271","5,443","5,373","4,147","4,869","81,926","84,106","88,703"
E08000026,Coventry,"19,014","8,888","61,369","34,838","32,807","30,462","26,616","23,480","24,016","21,614","17,880","14,341","12,953","10,407","14,419","325,202","334,090","353,104"
E08000027,Dudley,"15,541","7,605","24,659","21,071","22,629","21,624","20,086","20,590","24,359","22,990","19,195","16,995","17,019","14,104","18,201","263,522","271,127","286,668"
E07000193,East Staffordshire,"6,293","2,998","9,210","8,707","9,779","9,203","8,425","8,238","9,403","9,103","7,897","6,425","6,226","4,885","6,132","103,633","106,631","112,924"
E06000019,"Herefordshire, County of","8,193","3,989","12,592","10,731","12,288","11,632","11,053","11,717","14,206","15,255","14,140","12,972","13,054","10,107","13,223","162,970","166,959","175,152"
E07000194,Lichfield,"4,702","2,332","7,733","6,551","7,044","6,787","6,865","7,328","8,539","8,186","6,858","6,288","6,824","5,875","6,622","91,500","93,832","98,534"
E07000235,Malvern Hills,"3,778","2,148","5,379","3,753","4,141","4,039","4,370","4,793","6,146","6,758","6,218","5,564","6,009","4,668","6,193","68,031","70,179","73,957"
E07000195,Newcastle-under-Lyme,"5,480","2,751","13,082","7,905","8,271","8,024","7,539","7,849","9,190","9,151","8,256","7,079","7,315","5,493","7,267","106,421","109,172","114,652"
E07000218,North Warwickshire,"2,882","1,445","4,571","3,973","4,541","4,225","3,778","4,217","5,250","5,302","4,568","3,762","3,995","3,068","3,580","54,830","56,275","59,157"
E07000219,Nuneaton and Bedworth,"6,581","3,046","10,069","9,150","10,575","9,943","8,915","8,806","9,898","9,643","8,195","7,009","7,040","5,470","6,416","111,129","114,175","120,756"
E07000236,Redditch,"4,402","2,068","6,371","5,944","6,942","6,758","6,404","5,782","6,149","5,811","5,249","4,996","4,778","3,290","3,472","71,946","74,014","78,416"
E07000220,Rugby,"6,083","2,905","8,222","7,875","9,384","9,378","8,573","8,179","8,521","8,167","6,606","5,300","5,415","4,601","5,753","95,974","98,879","104,962"
E08000028,Sandwell,"20,392","9,346","31,260","25,106","28,392","27,963","25,529","24,141","24,846","22,399","18,398","14,745","13,025","10,187","13,449","279,440","288,786","309,178"
E06000051,Shropshire,"14,361","7,613","22,939","17,743","19,341","18,474","17,659","19,848","24,626","26,030","23,646","21,066","21,813","17,503","21,949","272,637","280,250","294,611"
E08000029,Solihull,"11,383","5,335","16,122","13,338","14,683","15,039","14,483","14,696","16,549","16,227","13,685","11,205","11,952","9,869","13,160","181,008","186,343","197,726"
E07000196,South Staffordshire,"4,531","2,300","8,191","6,425","6,872","6,675","6,271","6,871","8,490","9,013","8,164","7,003","7,301","6,091","7,550","94,917","97,217","101,748"
E07000197,Stafford,"6,304","2,878","9,256","8,338","9,620","9,499","8,912","9,055","10,695","10,559","9,241","8,000","8,429","6,854","8,382","116,840","119,718","126,022"
E07000198,Staffordshire Moorlands,"4,217","2,171","6,319","5,017","5,377","5,311","5,201","6,123","7,913","7,859","7,037","6,412","6,975","5,377","6,532","81,453","83,624","87,841"
E06000021,Stoke-on-Trent,"13,920","6,428","23,088","19,130","22,032","20,284","17,603","16,682","18,274","17,171","14,957","12,919","12,066","9,028","11,376","214,610","221,038","234,958"
E07000221,Stratford-on-Avon,"6,218","3,015","8,979","7,859","8,872","8,579","8,721","9,420","10,988","11,362","10,064","8,548","9,123","7,671","9,502","119,688","122,703","128,921"
E07000199,Tamworth,"3,899","1,857","6,064","5,274","6,157","5,740","5,140","5,285","6,089","5,470","4,810","4,401","4,285","3,130","3,346","65,191","67,048","70,947"
E06000020,Telford and Wrekin,"10,100","4,678","15,727","12,751","13,899","13,547","12,347","12,610","14,176","13,285","10,944","9,438","9,215","6,745","7,901","152,585","157,263","167,363"
E08000030,Walsall,"16,216","7,533","24,433","19,616","21,931","21,199","19,294","18,304","20,416","18,993","16,290","13,346","12,626","10,164","14,265","230,877","238,410","254,626"
E07000222,Warwick,"6,624","3,225","13,084","10,338","12,506","11,961","11,108","10,484","10,708","10,275","8,556","7,356","7,384","5,970","7,891","127,621","130,846","137,470"
E08000031,Wolverhampton,"15,381","7,049","23,437","20,496","23,196","22,324","20,118","19,160","19,936","18,100","15,315","12,679","11,289","8,497","12,709","227,256","234,305","249,686"
E07000237,Worcester,"4,901","2,317","9,221","7,857","8,309","7,797","7,341","6,992","7,806","7,384","6,022","5,105","4,916","3,682","4,819","87,251","89,568","94,469"
E07000238,Wychavon,"5,906","2,899","8,702","7,586","8,561","8,246","7,980","8,511","10,313","10,737","9,441","8,582","9,004","7,010","8,784","113,457","116,356","122,262"
E07000239,Wyre Forest,"4,446","2,121","6,936","5,707","6,388","6,063","5,852","6,585","7,956","7,921","6,663","6,298","7,210","5,806","6,522","85,907","88,028","92,474"
E08000016,Barnsley,"11,673","5,462","18,178","17,076","18,586","17,202","15,232","15,630","19,552","18,737","16,097","13,636","13,102","9,889","11,516","204,433","209,895","221,568"
E08000032,Bradford,"34,711","16,252","52,698","40,378","44,462","44,777","41,255","36,841","37,168","34,341","30,388","25,168","22,716","14,998","21,917","447,107","463,359","498,070"
E08000033,Calderdale,"11,169","5,363","15,986","13,424","14,848","14,810","14,058","14,592","16,712","16,002","13,617","11,232","11,244","7,979","9,571","174,075","179,438","190,607"
E07000163,Craven,"2,519","1,187","3,702","2,875","3,057","3,096","3,238","3,587","4,600","4,905","4,593","4,251","4,243","3,311","4,181","49,639","50,826","53,345"
E08000017,Doncaster,"15,560","7,213","24,177","22,101","24,462","22,887","20,011","19,718","22,831","23,179","20,472","17,090","16,521","11,840","15,489","260,778","267,991","283,551"
E06000011,East Riding of Yorkshire,"14,903","7,488","22,701","18,440","19,795","19,523","19,117","21,828","26,269","27,959","25,685","23,615","25,223","18,744","23,717","292,616","300,104","315,007"
E07000164,Hambleton,"3,727","1,871","6,069","4,889","5,122","4,949","4,982","5,262","7,039","7,971","7,192","6,347","6,652","5,183","6,592","78,249","80,120","83,847"
E07000165,Harrogate,"8,168","5,163","12,070","9,420","10,282","10,610","10,828","11,300","13,277","13,585","11,872","9,888","10,287","7,817","10,897","142,133","147,296","155,464"
E06000010,"Kingston upon Hull, City of","13,564","6,210","25,371","23,046","23,769","21,645","18,143","17,755","18,565","18,134","15,660","12,647","11,403","7,420","9,871","223,429","229,639","243,203"
E08000034,Kirklees,"23,401","11,169","40,086","31,498","32,167","31,421","29,574","29,407","32,542","29,896","25,507","21,494","21,457","15,371","19,310","359,730","370,899","394,300"
E08000035,Leeds,"40,379","18,690","102,564","75,532","73,963","69,318","61,297","54,669","54,970","51,442","43,151","35,093","34,762","25,032","34,430","716,223","734,913","775,292"
E06000012,North East Lincolnshire,"7,969","3,799","11,834","10,159","11,622","10,733","9,473","9,867","11,777","12,262","10,681","8,975","8,824","6,500","8,894","131,601","135,400","143,369"
E06000013,North Lincolnshire,"8,429","4,023","12,452","10,768","11,830","11,581","10,374","10,753","13,091","13,436","11,852","10,218","10,307","7,546","9,479","143,687","147,710","156,139"
E07000166,Richmondshire,"2,091","1,368","6,105","3,967","3,733","3,228","2,856","2,870","3,721","3,912","3,745","3,209","3,228","2,379","2,915","45,868","47,236","49,327"
E08000018,Rotherham,"13,699","6,329","21,058","17,713","19,336","18,331","16,737","17,220","20,260","19,396","16,957","14,355","14,115","10,888","13,161","219,527","225,856","239,555"
E07000167,Ryedale,"2,423","1,264","3,456","2,785","3,042","3,043","2,926","3,266","4,274","4,773","4,366","4,011","4,122","3,149","4,027","47,240","48,504","50,927"
E07000168,Scarborough,"4,728","2,410","7,392","6,154","6,873","6,216","5,794","6,484","8,026","8,926","8,692","7,850","8,225","6,146","7,747","94,525","96,935","101,663"
E07000169,Selby,"4,402","2,043","6,203","5,514","6,388","6,028","5,798","6,140","7,121","7,320","6,490","5,327","5,434","3,869","4,447","76,079","78,122","82,524"
E08000019,Sheffield,"27,210","12,996","78,175","53,793","47,730","41,827","37,123","35,357","39,107","36,782","31,219","25,383","24,703","19,479","26,341","497,019","510,015","537,225"
E08000036,Wakefield,"17,113","8,054","26,460","25,221","27,974","26,665","23,266","23,572","27,782","26,346","22,578","18,909","18,542","13,693","16,301","297,309","305,363","322,476"
E06000014,York,"8,660","4,181","28,590","17,453","15,673","14,700","13,850","13,051","14,322","13,737","11,843","10,047","10,491","7,920","10,967","182,644","186,825","195,485"
